"CPU Time","Memory Bound","Memory Bound","Loads","Stores","LLC Miss Count","Module","Function (Full)","Source File","Start Address"
"20.9469","0.00612763","0","56550560000","25698980000","0","kip_sequential_profile.exe","ImageProcessing::convolution(class Image const &,class Kernel const &)","ImageProcessing.cpp","0x1400220e0"
"2.89149","0.00599631","0","8194800000","3822860000","50020","kip_sequential_profile.exe","Pixel::getR(void)","Pixel.cpp","0x140023ec0"
"2.74639","0.0079694","","8028840000","3833900000","0","kip_sequential_profile.exe","Pixel::~Pixel(void)","Pixel.cpp","0x140023eb0"
"2.67079","0.00650512","0.101461","6980660000","3409060000","0","kip_sequential_profile.exe","Pixel::getG(void)","Pixel.cpp","0x140023ed0"
"2.65529","0.00593765","0","6890220000","3426180000","0","kip_sequential_profile.exe","Pixel::getB(void)","Pixel.cpp","0x140023ee0"
"0.368398","0.00793651","0","318500000","196100000","50020","kip_sequential_profile.exe","stbiw__jpg_processDU(struct stbi__write_context *, int *, int *, float *, int, float *, int, unsigned short[2] *, unsigned short[2] *)","stb_image_write.h","0x14001ff50"
"0.220899","0.0209205","0","274000000","96100000","50020","kip_sequential_profile.exe","stbi__jpeg_decode_block_prog_ac(struct stbi__jpeg *, short *, struct stbi__huffman *, short *)","stb_image.h","0x14001bce0"
"0.159899","0.0167598","","500800000","165700000","0","kip_sequential_profile.exe","getChannelAsUint8(float)","ImageProcessing.cpp","0x1400220c0"
"0.119999","0.266436","0","104600000","46500000","0","kip_sequential_profile.exe","STBImageReader::loadRGBImage(class std::filesystem::path const &)","STBImageReader.cpp","0x14000b3d0"
"0.1031","0.00546448","0","440440000","232280000","0","kip_sequential_profile.exe","std::vector<Pixel,std::allocator<Pixel> >::operator[]","vector","0x1400222e6"
"0.0812996","0.00625","0","289200000","213800000","0","kip_sequential_profile.exe","stbiw__jpg_DCT(float *, float *, float *, float *, float *, float *, float *, float *)","stb_image_write.h","0x140020c70"
"0.0782997","0.0060241","0","129300000","103800000","0","ntdll.dll","RtlLeaveCriticalSection","[Unknown]","0x18007a190"
"0.0757997","0","0","124000000","88300000","0","ntdll.dll","RtlEnterCriticalSection","[Unknown]","0x18007a090"
"0.0610997","0.339506","0","163100000","155800000","0","kip_sequential_profile.exe","std::_Default_allocator_traits<std::allocator<Pixel> >::construct","xmemory","0x140021b40"
"0.0571998","0.0530303","0","62300000","80200000","0","kip_sequential_profile.exe","stbi__YCbCr_to_RGB_simd(unsigned char *, const unsigned char *, const unsigned char *, const unsigned char *, int, int)","stb_image.h","0x140017cb0"
"0.0529998","0.0152672","0","134800000","69200000","0","kip_sequential_profile.exe","stbiw__jpg_writeBits(struct stbi__write_context *, int *, int *, const unsigned short *)","stb_image_write.h","0x140020be0"
"0.0491998","0.015873","0","37600000","16600000","0","kip_sequential_profile.exe","stbi__jpeg_huff_decode","stb_image.h","0x14001be55"
"0.0444998","0.122449","0","15400000","7900000","0","ntoskrnl.exe","func@0x1406b47ae","[Unknown]","0x1406b47ae"
"0.0437998","0.0353982","0","101800000","25300000","0","kip_sequential_profile.exe","stbi_write_jpg_core(struct stbi__write_context *, int, int, int, const void *, int)","stb_image_write.h","0x140009520"
"0.0325999","0.225806","0","86300000","61700000","0","kip_sequential_profile.exe","STBImageReader::saveJPGImage(class Image const &,class std::filesystem::path const &)","STBImageReader.cpp","0x14000b9a0"
"0.0322999","0.166667","0","12100000","8400000","0","ntoskrnl.exe","func@0x1406a77e0","[Unknown]","0x1406a77e0"
"0.0318999","0.0153846","0","18500000","8000000","0","kip_sequential_profile.exe","stbi__jpeg_get_bit","stb_image.h","0x14001c085"
"0.0300999","0","0","24600000","7500000","0","kip_sequential_profile.exe","std::vector<std::vector<Pixel,std::allocator<Pixel> >,std::allocator<std::vector<Pixel,std::allocator<Pixel> > > >::operator[]","vector","0x1400223d8"
"0.0280999","0.030303","0","28000000","11300000","0","kip_sequential_profile.exe","stbi__grow_buffer_unsafe(struct stbi__jpeg *)","stb_image.h","0x14001b870"
"0.0261999","0.030303","0","33500000","82200000","0","ucrtbase.dll","func@0x180036180","[Unknown]","0x180036180"
"0.0241999","0.190476","0","74800000","67900000","0","kip_sequential_profile.exe","std::_Default_allocator_traits<std::allocator<Pixel> >::construct","xmemory","0x1400215e0"
"0.0216999","0.0625","0","61700000","8700000","0","kip_sequential_profile.exe","Pixel::Pixel(unsigned char,unsigned char,unsigned char)","Pixel.cpp","0x140023ea0"
"0.0215999","0.0377358","0","33200000","17800000","50020","kip_sequential_profile.exe","stbi__idct_simd(unsigned char *, int, short *)","stb_image.h","0x140017490"
"0.0194999","0","0","42800000","16500000","0","kip_sequential_profile.exe","stbiw__jpg_calcBits(int, unsigned short *)","stb_image_write.h","0x140020de0"
"0.0194999","0.181818","0","64900000","61700000","150060","kip_sequential_profile.exe","std::_Uninitialized_backout_al<std::allocator<Pixel> >::_Emplace_back","xmemory","0x140021b40"
"0.0184999","0.194444","0","71700000","25300000","0","kip_sequential_profile.exe","ImageProcessing::extendEdge(class Image const &,unsigned int)","ImageProcessing.cpp","0x140022af0"
"0.0169999","0","0","41900000","24100000","0","ucrtbase.dll","fwrite","[Unknown]","0x180035f90"
"0.0168999","0.862069","0","6000000","4800000","0","ntoskrnl.exe","ExpInterlockedPopEntrySList","[Unknown]","0x1406ae280"
"0.0157999","0","0","19700000","22200000","0","ucrtbase.dll","func@0x180036080","[Unknown]","0x180036080"
"0.0157999","1","0","2800000","24700000","0","ntoskrnl.exe","func@0x1406add80","[Unknown]","0x1406add80"
"0.0154999","0.212121","0","13700000","13200000","0","ntoskrnl.exe","func@0x1402bfac0","[Unknown]","0x1402bfac0"
"0.0150999","0.210526","0","15800000","9300000","0","ntoskrnl.exe","func@0x1402dfb70","[Unknown]","0x1402dfb70"
"0.0141999","0","0","1200000","6600000","0","kip_sequential_profile.exe","std::vector<Pixel,std::allocator<Pixel> >::operator[]","vector","0x1400223e2"
"0.0137999","0.222222","0","10800000","7500000","0","ntoskrnl.exe","func@0x140218a20","[Unknown]","0x140218a20"
"0.0129999","0.0357143","0","22300000","56200000","0","ucrtbase.dll","func@0x1800360d0","[Unknown]","0x1800360d0"
"0.0107","0","0","15100000","5860000","0","kip_sequential_profile.exe","std::vector<float,std::allocator<float> >::operator[]","vector","0x140022300"
"0.0103","0","0","29100000","16800000","0","ucrtbase.dll","func@0x180016f80","[Unknown]","0x180016f80"
"0.0102","0","0","19600000","2900000","0","kip_sequential_profile.exe","stbi__parse_entropy_coded_data(struct stbi__jpeg *)","stb_image.h","0x14001a9c0"
"0.00999996","1","0","400000","400000","50020","ntoskrnl.exe","func@0x1403e5bc0","[Unknown]","0x1403e5bc0"
"0.00959996","0.206897","0","31400000","31300000","0","kip_sequential_profile.exe","std::_Uninitialized_backout_al<std::allocator<Pixel> >::_Emplace_back","xmemory","0x1400215e0"
"0.00949996","0","0","29000000","10900000","0","kip_sequential_profile.exe","stbiw__putc(struct stbi__write_context *, unsigned char)","stb_image_write.h","0x14001ff00"
"0.00929996","0.607143","0","200000","100000","0","vcruntime140.dll","func@0x180011a70","[Unknown]","0x180011a70"
"0.00899996","0.444444","0","14700000","12500000","0","ntoskrnl.exe","func@0x1402880c0","[Unknown]","0x1402880c0"
"0.00889996","0.238095","0","20400000","23100000","0","kip_sequential_profile.exe","std::_Uninitialized_copy","xmemory","0x140021b2e"
"0.00839996","0","0","15500000","2400000","0","kip_sequential_profile.exe","stbi__resample_row_hv_2_simd(unsigned char *, unsigned char *, unsigned char *, int, int)","stb_image.h","0x140017f10"
"0.00829996","0.461538","0","2200000","2700000","0","ntoskrnl.exe","func@0x1402c2af0","[Unknown]","0x1402c2af0"
"0.00789997","0.0833333","","4600000","3100000","0","ntoskrnl.exe","func@0x1406acbf0","[Unknown]","0x1406acbf0"
"0.00779997","0.1875","0","14500000","8400000","0","ntoskrnl.exe","func@0x1402b2b60","[Unknown]","0x1402b2b60"
"0.00769997","0.294118","0","4000000","4000000","0","kip_sequential_profile.exe","stbi__jpeg_decode_block_prog_dc(struct stbi__jpeg *, short *, struct stbi__huffman *, int)","stb_image.h","0x14001b9e0"
"0.00759997","0.666667","0","7200000","3000000","0","ntoskrnl.exe","func@0x1402678a0","[Unknown]","0x1402678a0"
"0.00759997","0.0625","0","6300000","3800000","0","kip_sequential_profile.exe","stbi__jpeg_get_bit","stb_image.h","0x14001c000"
"0.00749997","0","0","34700000","83200000","0","kip_sequential_profile.exe","std::vector<Pixel,std::allocator<Pixel> >::operator[]","vector","0x14000b5ed"
"0.00699997","0.333333","0","200000","200000","0","intelppm.sys","func@0x1c00010e0","[Unknown]","0x1c00010e0"
"0.00669997","0.0833333","0","10100000","4300000","0","ntoskrnl.exe","KeClockInterruptNotify","[Unknown]","0x14028e9e0"
"0.00649997","0.388889","0","6800000","5300000","0","ntoskrnl.exe","func@0x140352476","[Unknown]","0x140352476"
"0.00609997","0","0","12200000","6000000","0","kip_sequential_profile.exe","stbi__jpeg_huff_decode","stb_image.h","0x14001c1a0"
"0.00579997","0.0714286","0","3100000","2000000","0","ntdll.dll","func@0x180045470","[Unknown]","0x180045470"
"0.00559998","0.25","0","14500000","10600000","0","ntoskrnl.exe","func@0x14032d0b0","[Unknown]","0x14032d0b0"
"0.00559998","0.363636","0","1300000","5600000","0","ntoskrnl.exe","func@0x1402ae130","[Unknown]","0x1402ae130"
"0.00539998","0","0","6500000","18700000","0","ucrtbase.dll","func@0x1800364f0","[Unknown]","0x1800364f0"
"0.00519998","0","0","5200000","5600000","0","ucrtbase.dll","memcpy","[Unknown]","0x1800edb00"
"0.00509998","0.2","0","8300000","7900000","200080","ntoskrnl.exe","func@0x1402687b0","[Unknown]","0x1402687b0"
"0.00499998","0.333333","0","7800000","3300000","0","ntoskrnl.exe","func@0x1402dcd30","[Unknown]","0x1402dcd30"
"0.00489998","0.285714","0","6700000","2800000","0","ntoskrnl.exe","func@0x140288910","[Unknown]","0x140288910"
"0.00489998","0","0","6800000","13900000","0","ntdll.dll","func@0x18007a159","[Unknown]","0x18007a159"
"0.00469998","0.7","0","2700000","800000","0","ntdll.dll","func@0x180014440","[Unknown]","0x180014440"
"0.00449998","0.6","0","15400000","3300000","0","ntoskrnl.exe","func@0x1403d1bf0","[Unknown]","0x1403d1bf0"
"0.00429998","0.571429","0","7300000","4700000","0","ntoskrnl.exe","func@0x1402b25d0","[Unknown]","0x1402b25d0"
"0.00389998","0.5","0","4800000","5200000","50020","ntoskrnl.exe","func@0x14022bdb0","[Unknown]","0x14022bdb0"
"0.00379998","0","0","3100000","4300000","0","ntoskrnl.exe","func@0x1402362b0","[Unknown]","0x1402362b0"
"0.00379998","0.0909091","0","5100000","3000000","0","ntoskrnl.exe","func@0x1402781e0","[Unknown]","0x1402781e0"
"0.00369998","0.384615","0","2000000","2800000","0","ntoskrnl.exe","func@0x140240a60","[Unknown]","0x140240a60"
"0.00359998","0.428571","0","11300000","10500000","0","kip_sequential_profile.exe","std::_Uninitialized_copy","xmemory","0x1400215ce"
"0.00339999","0.5","0","3300000","2800000","50020","ntoskrnl.exe","RtlCopyMemory","[Unknown]","0x1406ba640"
"0.00329999","0","0","3400000","1700000","0","kip_sequential_profile.exe","stbi__get8","stb_image.h","0x14001b8e3"
"0.00329999","0.285714","0","3500000","1800000","0","ntoskrnl.exe","func@0x140366980","[Unknown]","0x140366980"
"0.00319999","1","0","1700000","400000","50020","ntoskrnl.exe","func@0x1403cf5a0","[Unknown]","0x1403cf5a0"
"0.00309999","0","0","14100000","6100000","0","ntdll.dll","func@0x18007a2ce","[Unknown]","0x18007a2ce"
"0.00309999","0","0","1000000","900000","0","ntoskrnl.exe","func@0x140226c30","[Unknown]","0x140226c30"
"0.00309999","1","0","2500000","1300000","0","kip_sequential_profile.exe","stbi__jpeg_dequantize(short *, unsigned short *)","stb_image.h","0x14001c460"
"0.00299999","0.1","0","3100000","2200000","0","ntoskrnl.exe","func@0x1402191b0","[Unknown]","0x1402191b0"
"0.00289999","0.222222","0","2500000","1700000","0","ntoskrnl.exe","func@0x1402bedb0","[Unknown]","0x1402bedb0"
"0.00279999","0.4","0","4000000","1500000","0","ntoskrnl.exe","func@0x1403664d0","[Unknown]","0x1403664d0"
"0.00269999","0.363636","0","2100000","1600000","0","ntoskrnl.exe","func@0x14028ede3","[Unknown]","0x14028ede3"
"0.00259999","0.6","0","1300000","1100000","0","ntoskrnl.exe","func@0x140289576","[Unknown]","0x140289576"
"0.00249999","0","0","2300000","1300000","0","ntoskrnl.exe","func@0x14028f59a","[Unknown]","0x14028f59a"
"0.00249999","0.2","0.297619","400000","100000","0","ntoskrnl.exe","func@0x1406ad85f","[Unknown]","0x1406ad85f"
"0.00249999","0.333333","0","1900000","4000000","0","ntoskrnl.exe","func@0x1402c7c77","[Unknown]","0x1402c7c77"
"0.00249999","0","0","3000000","5100000","0","ntoskrnl.exe","func@0x1406bb340","[Unknown]","0x1406bb340"
"0.00249999","0.5","0","7700000","1300000","0","ntoskrnl.exe","func@0x1403cfec2","[Unknown]","0x1403cfec2"
"0.00249999","0.2","0","2500000","3500000","0","ntoskrnl.exe","func@0x140229e70","[Unknown]","0x140229e70"
"0.00249999","0","0","7700000","5800000","0","ntoskrnl.exe","func@0x1402a7da0","[Unknown]","0x1402a7da0"
"0.00239999","1","0","2000000","1600000","0","ntoskrnl.exe","func@0x1406b8a83","[Unknown]","0x1406b8a83"
"0.00239999","0.25","0","2600000","500000","0","ntoskrnl.exe","func@0x1402bdc90","[Unknown]","0x1402bdc90"
"0.00239999","0","0","2800000","1400000","0","ntoskrnl.exe","ExReleaseSpinLockSharedFromDpcLevel","[Unknown]","0x1402adcf0"
"0.00229999","0","0","4300000","3400000","0","kip_sequential_profile.exe","stbi__stdio_write(void *, void *, int)","stb_image_write.h","0x14001f3c0"
"0.00229999","0","0","4200000","3500000","0","ntoskrnl.exe","func@0x14022b320","[Unknown]","0x14022b320"
"0.00229999","0","0","4000000","600000","0","ntoskrnl.exe","func@0x14041e58b","[Unknown]","0x14041e58b"
"0.00229999","0.8","0","400000","3500000","0","ntoskrnl.exe","func@0x1402c02e0","[Unknown]","0x1402c02e0"
"0.00219999","0.2","0","1100000","500000","0","ntoskrnl.exe","func@0x1402b2d8b","[Unknown]","0x1402b2d8b"
"0.00219999","0.666667","0","800000","1500000","0","ntoskrnl.exe","func@0x1402db220","[Unknown]","0x1402db220"
"0.00219999","0.6","0","3500000","2700000","0","ntoskrnl.exe","func@0x14041e440","[Unknown]","0x14041e440"
"0.00219999","1","0","700000","1200000","0","ntoskrnl.exe","func@0x140248694","[Unknown]","0x140248694"
"0.00219999","0.333333","0","3000000","2800000","0","ntoskrnl.exe","func@0x140427f4c","[Unknown]","0x140427f4c"
"0.00209999","0.5","0","100000","100000","0","ntoskrnl.exe","func@0x1406ac743","[Unknown]","0x1406ac743"
"0.00209999","0","0","1000000","200000","0","ntdll.dll","func@0x180048210","[Unknown]","0x180048210"
"0.00209999","0","0","100000","100000","0","intelppm.sys","func@0x1c0002700","[Unknown]","0x1c0002700"
"0.00199999","0.428571","0","800000","200000","100040","ntoskrnl.exe","func@0x1403e5f36","[Unknown]","0x1403e5f36"
"0.00199999","0","0","700000","600000","0","ntoskrnl.exe","func@0x1402bd3e0","[Unknown]","0x1402bd3e0"
"0.00189999","0.166667","0","1400000","800000","0","ntoskrnl.exe","func@0x1406a03b0","[Unknown]","0x1406a03b0"
"0.00189999","0","0","3100000","2200000","0","kip_sequential_profile.exe","stbi__extend_receive","stb_image.h","0x14001bb4c"
"0.00189999","0","0","1300000","1200000","0","kip_sequential_profile.exe","stbi__mul2shorts_valid(int, int)","stb_image.h","0x14001c400"
"0.00189999","0","0","2400000","1200000","0","kip_sequential_profile.exe","stbi__jpeg_huff_decode","stb_image.h","0x14001bac6"
"0.00179999","0.25","0","4600000","1000000","0","ntoskrnl.exe","func@0x140216830","[Unknown]","0x140216830"
"0.00179999","0","0","2100000","900000","0","ntoskrnl.exe","func@0x1402784e0","[Unknown]","0x1402784e0"
"0.00179999","0","0","1000000","400000","0","ntoskrnl.exe","func@0x1403cf300","[Unknown]","0x1403cf300"
"0.00179999","0","0","4000000","5500000","0","ntoskrnl.exe","func@0x14028a450","[Unknown]","0x14028a450"
"0.00179999","0.5","","1300000","600000","0","ntoskrnl.exe","func@0x140bb478a","[Unknown]","0x140bb478a"
"0.00159999","1","0","0","100000","0","intelppm.sys","func@0x1c0005b60","[Unknown]","0x1c0005b60"
"0.00159999","0.666667","0","1800000","1000000","0","ntoskrnl.exe","func@0x1404f6514","[Unknown]","0x1404f6514"
"0.00159999","0","0","1100000","1000000","0","ntoskrnl.exe","func@0x140301820","[Unknown]","0x140301820"
"0.00159999","0","0","4800000","1900000","50020","ntdll.dll","func@0x1800185ab","[Unknown]","0x1800185ab"
"0.00159999","0.2","0","600000","100000","0","ntoskrnl.exe","func@0x1402e143e","[Unknown]","0x1402e143e"
"0.00159999","0","0","3100000","1400000","50020","ntoskrnl.exe","func@0x1402c0a6c","[Unknown]","0x1402c0a6c"
"0.00149999","0.333333","0","5200000","3600000","0","ntoskrnl.exe","func@0x1402add80","[Unknown]","0x1402add80"
"0.00149999","0.285714","0","1900000","1900000","0","ntoskrnl.exe","func@0x140242200","[Unknown]","0x140242200"
"0.00139999","0.166667","0","6700000","1800000","0","kip_sequential_profile.exe","std::vector<Pixel,std::allocator<Pixel> >::operator[]","vector","0x140022cbf"
"0.00139999","0.5","0","3200000","2200000","0","ntoskrnl.exe","func@0x140218240","[Unknown]","0x140218240"
"0.00139999","1","0","500000","600000","0","ntoskrnl.exe","func@0x1403648c0","[Unknown]","0x1403648c0"
"0.00129999","0","0","2800000","1100000","0","ntoskrnl.exe","func@0x140352140","[Unknown]","0x140352140"
"0.00129999","0","0","200000","100000","0","ntoskrnl.exe","func@0x1402910e0","[Unknown]","0x1402910e0"
"0.00129999","0","0","3500000","1300000","0","ntoskrnl.exe","func@0x1404029e0","[Unknown]","0x1404029e0"
"0.00129999","0","0","10100000","3100000","0","ntoskrnl.exe","func@0x1404f55a8","[Unknown]","0x1404f55a8"
"0.00129999","0","0","6200000","800000","0","ntoskrnl.exe","func@0x1403d0970","[Unknown]","0x1403d0970"
"0.00129999","0.142857","0","5600000","1200000","0","ntoskrnl.exe","func@0x1402b27b0","[Unknown]","0x1402b27b0"
"0.00129999","0","0","2500000","1400000","0","ntoskrnl.exe","func@0x14028f450","[Unknown]","0x14028f450"
"0.00119999","1","0","500000","1000000","0","ntoskrnl.exe","func@0x140351b40","[Unknown]","0x140351b40"
"0.00119999","0","0","1100000","700000","0","ntoskrnl.exe","func@0x1402b38e0","[Unknown]","0x1402b38e0"
"0.0011","0.5","0","1600000","1000000","0","ntoskrnl.exe","ExReleaseRundownProtectionCacheAwareEx","[Unknown]","0x140363f30"
"0.0011","1","0","2600000","3100000","0","ntoskrnl.exe","func@0x1403d0d60","[Unknown]","0x1403d0d60"
"0.0011","0.5","0","2300000","1300000","0","ntoskrnl.exe","func@0x14022b626","[Unknown]","0x14022b626"
"0.0011","0","0","3200000","3300000","0","ntoskrnl.exe","func@0x1402893c0","[Unknown]","0x1402893c0"
"0.000999996","0","0","400000","300000","0","ntdll.dll","RtlAllocateHeap","[Unknown]","0x18000e690"
"0.000999996","0","0","660000","920000","0","kip_sequential_profile.exe","std::vector<std::vector<Pixel,std::allocator<Pixel> >,std::allocator<std::vector<Pixel,std::allocator<Pixel> > > >::operator[]","vector","0x1400222e0"
"0.000999996","0","0","700000","2400000","0","ntoskrnl.exe","func@0x140287910","[Unknown]","0x140287910"
"0.000999996","","0","300000","1100000","0","ntoskrnl.exe","func@0x14041d280","[Unknown]","0x14041d280"
"0.000999996","0","0","5400000","2300000","0","ntoskrnl.exe","func@0x14046ecfc","[Unknown]","0x14046ecfc"
"0.000999996","0","0","2000000","2300000","0","cng.sys","func@0x1c000e360","[Unknown]","0x1c000e360"
"0.000999996","0.5","0","12300000","4400000","0","ntoskrnl.exe","func@0x1403667db","[Unknown]","0x1403667db"
"0.000999996","0","0","0","200000","0","ntoskrnl.exe","func@0x140261ad0","[Unknown]","0x140261ad0"
"0.000999996","0","0","700000","200000","0","ntoskrnl.exe","func@0x140994b20","[Unknown]","0x140994b20"
"0.000899996","0","0","1000000","900000","0","ntoskrnl.exe","func@0x1402667f0","[Unknown]","0x1402667f0"
"0.000899996","0","0","900000","200000","0","nllvmm.sys","func@0x1400128e7","[Unknown]","0x1400128e7"
"0.000899996","1","0","900000","1000000","0","ntoskrnl.exe","func@0x1403ce510","[Unknown]","0x1403ce510"
"0.000899996","0","0","400000","300000","0","ntoskrnl.exe","func@0x1402daee4","[Unknown]","0x1402daee4"
"0.000899996","0","0","2100000","1100000","0","ntoskrnl.exe","func@0x1403231ea","[Unknown]","0x1403231ea"
"0.000899996","0.5","0","700000","300000","0","ntoskrnl.exe","func@0x1402be310","[Unknown]","0x1402be310"
"0.000899996","0","0","1800000","700000","0","ntoskrnl.exe","func@0x140323a50","[Unknown]","0x140323a50"
"0.000899996","0","0","2900000","3700000","0","ntoskrnl.exe","func@0x14043afa8","[Unknown]","0x14043afa8"
"0.000899996","0","0","500000","200000","0","ntoskrnl.exe","func@0x1402886a0","[Unknown]","0x1402886a0"
"0.000899996","0","0","100000","200000","0","ntoskrnl.exe","func@0x14028ff40","[Unknown]","0x14028ff40"
"0.000899996","0","0","900000","2600000","0","ntdll.dll","RtlTryEnterCriticalSection","[Unknown]","0x180015cc0"
"0.000899996","0.5","0","800000","500000","0","ntoskrnl.exe","func@0x1402e1d80","[Unknown]","0x1402e1d80"
"0.000899996","0.25","0","800000","700000","0","ntoskrnl.exe","func@0x14028f400","[Unknown]","0x14028f400"
"0.000899996","0","0","400000","300000","0","ntoskrnl.exe","func@0x1402dadb0","[Unknown]","0x1402dadb0"
"0.000799997","","0","300000","300000","0","ntoskrnl.exe","func@0x14024e1d0","[Unknown]","0x14024e1d0"
"0.000799997","0","0","400000","400000","0","kip_sequential_profile.exe","stbi__jpeg_finish(struct stbi__jpeg *)","stb_image.h","0x14001b1f0"
"0.000799997","0","0","100000","0","0","ntoskrnl.exe","func@0x140289d18","[Unknown]","0x140289d18"
"0.000799997","0","0","1800000","1100000","0","ntoskrnl.exe","func@0x1403d0a02","[Unknown]","0x1403d0a02"
"0.000799997","0","0","1300000","1100000","0","ntoskrnl.exe","func@0x1402698f0","[Unknown]","0x1402698f0"
"0.000799997","0.333333","0","300000","1000000","0","ntoskrnl.exe","func@0x1402c0840","[Unknown]","0x1402c0840"
"0.000799997","1","0","600000","600000","50020","ntoskrnl.exe","func@0x140241357","[Unknown]","0x140241357"
"0.000799997","0","0","4200000","3800000","0","ntoskrnl.exe","func@0x1402184a0","[Unknown]","0x1402184a0"
"0.000699997","0","0","100000","100000","0","ntoskrnl.exe","func@0x1402b399d","[Unknown]","0x1402b399d"
"0.000699997","0","0","1000000","200000","0","fltmgr.sys","func@0x1c0007d30","[Unknown]","0x1c0007d30"
"0.000699997","1","0","1500000","800000","0","ntdll.dll","NtAllocateVirtualMemory","[Unknown]","0x1801620c0"
"0.000699997","0","0","1100000","700000","0","ntoskrnl.exe","func@0x1402c57a0","[Unknown]","0x1402c57a0"
"0.000699997","0","0","1500000","1700000","50020","ntoskrnl.exe","KeGetCurrentIrql","[Unknown]","0x14043fcc0"
"0.000699997","","0","0","0","0","ntoskrnl.exe","func@0x1403e6700","[Unknown]","0x1403e6700"
"0.000699997","0","0","100000","0","0","ntoskrnl.exe","func@0x1402787f7","[Unknown]","0x1402787f7"
"0.000699997","","0","2200000","500000","0","ntoskrnl.exe","func@0x1403cfe70","[Unknown]","0x1403cfe70"
"0.000699997","","0","200000","100000","0","ntoskrnl.exe","KeSetEvent","[Unknown]","0x1402c2e80"
"0.000699997","0","0","600000","1600000","0","kip_sequential_profile.exe","std::_Destroy_range","xmemory","0x1400217cf"
"0.000699997","0","0","200000","300000","0","ntoskrnl.exe","func@0x1402f9469","[Unknown]","0x1402f9469"
"0.000699997","0","0","600000","200000","0","nllsp.sys","func@0x14003379b","[Unknown]","0x14003379b"
"0.000699997","0","0","800000","500000","0","kip_sequential_profile.exe","stbi__addints_valid(int, int)","stb_image.h","0x14001c3d0"
"0.000699997","","0","700000","100000","0","ntoskrnl.exe","func@0x140267a77","[Unknown]","0x140267a77"
"0.000599997","0","0","800000","700000","0","ntoskrnl.exe","func@0x1402adde6","[Unknown]","0x1402adde6"
"0.000599997","0","0","600000","0","0","ntoskrnl.exe","KeReleaseSpinLock","[Unknown]","0x14034d7e0"
"0.000599997","0","0","1100000","2200000","0","ntoskrnl.exe","func@0x14034b740","[Unknown]","0x14034b740"
"0.000599997","","0","100000","100000","0","ntoskrnl.exe","func@0x14027c940","[Unknown]","0x14027c940"
"0.000599997","0","0","900000","300000","0","ntoskrnl.exe","KeIsEmptyAffinityEx","[Unknown]","0x140436110"
"0.000599997","0","0","1100000","1000000","0","ntoskrnl.exe","func@0x1402351b0","[Unknown]","0x1402351b0"
"0.000599997","0","0","1400000","400000","0","kip_sequential_profile.exe","std::vector<std::vector<Pixel,std::allocator<Pixel> >,std::allocator<std::vector<Pixel,std::allocator<Pixel> > > >::operator[]","vector","0x140022cb8"
"0.000599997","0","0","1400000","100000","0","ntdll.dll","func@0x180053940","[Unknown]","0x180053940"
"0.000599997","0","0","1000000","1400000","50020","ntoskrnl.exe","func@0x140241e40","[Unknown]","0x140241e40"
"0.000599997","0","0","100000","0","0","ntoskrnl.exe","PsGetCurrentProcessId","[Unknown]","0x140449180"
"0.000599997","0","0","300000","200000","0","ntoskrnl.exe","func@0x140242376","[Unknown]","0x140242376"
"0.000599997","0","0","200000","400000","0","ntoskrnl.exe","func@0x140bb4780","[Unknown]","0x140bb4780"
"0.000599997","0.333333","0","800000","700000","0","ntoskrnl.exe","func@0x1402267c0","[Unknown]","0x1402267c0"
"0.000499998","1","0","0","200000","0","ntoskrnl.exe","func@0x140350b90","[Unknown]","0x140350b90"
"0.000499998","0","0","700000","500000","0","ntoskrnl.exe","func@0x140351610","[Unknown]","0x140351610"
"0.000499998","0","0","1000000","400000","0","ntoskrnl.exe","func@0x1404177a4","[Unknown]","0x1404177a4"
"0.000499998","0","0","0","0","0","igdkmdn64.sys","func@0x14001ce70","[Unknown]","0x14001ce70"
"0.000499998","0","0","100000","100000","0","ucrtbase.dll","fread_nolock_s","[Unknown]","0x180038810"
"0.000499998","0","0","3500000","1500000","0","kip_sequential_profile.exe","std::vector<Pixel,std::allocator<Pixel> >::operator[]","vector","0x140022cb4"
"0.000499998","0","0","0","0","0","ntoskrnl.exe","ExFreePoolWithTag","[Unknown]","0x140b69cd0"
"0.000499998","0","0","300000","400000","0","ntoskrnl.exe","func@0x140288ca0","[Unknown]","0x140288ca0"
"0.000499998","0","0","0","100000","0","ntdll.dll","func@0x18000f1c0","[Unknown]","0x18000f1c0"
"0.000499998","","0","0","0","0","ntoskrnl.exe","func@0x14036b430","[Unknown]","0x14036b430"
"0.000499998","0","0","500000","200000","0","ntoskrnl.exe","ExReleaseResourceLite","[Unknown]","0x14031eca0"
"0.000499998","0","0","800000","500000","0","ntoskrnl.exe","func@0x140216b48","[Unknown]","0x140216b48"
"0.000499998","0","0","900000","100000","0","ntoskrnl.exe","func@0x140219ab0","[Unknown]","0x140219ab0"
"0.000399998","0","0","3400000","500000","0","kip_sequential_profile.exe","std::vector<std::vector<Pixel,std::allocator<Pixel> >,std::allocator<std::vector<Pixel,std::allocator<Pixel> > > >::operator[]","vector","0x140022cb0"
"0.000399998","0","0","600000","100000","0","ntoskrnl.exe","ExAcquireRundownProtectionCacheAwareEx","[Unknown]","0x14041c230"
"0.000399998","0","0","0","0","0","ntoskrnl.exe","func@0x14044a31f","[Unknown]","0x14044a31f"
"0.000399998","0","0","200000","500000","0","ntoskrnl.exe","func@0x1406ad530","[Unknown]","0x1406ad530"
"0.000399998","0","0","0","200000","0","ntoskrnl.exe","func@0x1403cbe34","[Unknown]","0x1403cbe34"
"0.000399998","0","0","400000","0","0","ntoskrnl.exe","func@0x1402a0470","[Unknown]","0x1402a0470"
"0.000399998","","","400000","200000","0","ntoskrnl.exe","func@0x14041e330","[Unknown]","0x14041e330"
"0.000399998","0","0","400000","300000","0","ntoskrnl.exe","func@0x140449f98","[Unknown]","0x140449f98"
"0.000399998","0","0","100000","200000","0","ntoskrnl.exe","func@0x140226570","[Unknown]","0x140226570"
"0.000399998","","0","900000","400000","0","ntoskrnl.exe","func@0x14023cdc0","[Unknown]","0x14023cdc0"
"0.000399998","0","0","500000","300000","0","ntoskrnl.exe","NtAllocateVirtualMemory","[Unknown]","0x1408adef0"
"0.000399998","0","0","200000","200000","0","ntoskrnl.exe","func@0x1406a76a0","[Unknown]","0x1406a76a0"
"0.000399998","0","0","100000","500000","0","ntoskrnl.exe","func@0x1402e0fe0","[Unknown]","0x1402e0fe0"
"0.000399998","0","0","100000","0","0","ntoskrnl.exe","func@0x1408b3bc0","[Unknown]","0x1408b3bc0"
"0.000399998","0.333333","0","0","100000","0","igdkmdn64.sys","func@0x1402ca3e0","[Unknown]","0x1402ca3e0"
"0.000399998","0","0","0","100000","0","cng.sys","EntropyProvideData","[Unknown]","0x1c000daa0"
"0.000399998","0","0","400000","800000","0","ntoskrnl.exe","EtwEventEnabled","[Unknown]","0x140305c30"
"0.000399998","1","0","0","400000","0","igdkmdn64.sys","func@0x140217428","[Unknown]","0x140217428"
"0.000399998","0","0","400000","100000","0","ntoskrnl.exe","func@0x1403cb9d0","[Unknown]","0x1403cb9d0"
"0.000399998","0","0","100000","0","0","ntoskrnl.exe","func@0x1402c2fcb","[Unknown]","0x1402c2fcb"
"0.000399998","0","0","700000","400000","0","ntdll.dll","func@0x180018400","[Unknown]","0x180018400"
"0.000399998","0","0","200000","600000","0","ntoskrnl.exe","ExGetPreviousMode","[Unknown]","0x140462d10"
"0.000399998","0","0","700000","600000","0","ntoskrnl.exe","func@0x1402671f0","[Unknown]","0x1402671f0"
"0.000399998","0","0","600000","800000","0","ntoskrnl.exe","func@0x1403deb40","[Unknown]","0x1403deb40"
"0.000399998","0","0","200000","0","0","ntoskrnl.exe","func@0x1408b2ba4","[Unknown]","0x1408b2ba4"
"0.000399998","","","100000","0","0","ntoskrnl.exe","func@0x14028aa30","[Unknown]","0x14028aa30"
"0.000399998","0","0","600000","300000","0","nllsp.sys","func@0x14004d508","[Unknown]","0x14004d508"
"0.000399998","0","0","600000","500000","0","ntoskrnl.exe","func@0x14036e750","[Unknown]","0x14036e750"
"0.000399998","0","0","100000","100000","0","ntoskrnl.exe","func@0x1402e11c0","[Unknown]","0x1402e11c0"
"0.000299999","0","0","800000","200000","0","ntoskrnl.exe","RtlNumberOfSetBitsEx","[Unknown]","0x14022e8d0"
"0.000299999","0","0","1100000","1500000","0","ntoskrnl.exe","ExAcquireSpinLockSharedAtDpcLevel","[Unknown]","0x140369a10"
"0.000299999","0","0","500000","400000","0","ntoskrnl.exe","func@0x1402c6170","[Unknown]","0x1402c6170"
"0.000299999","0","0","100000","0","0","ntoskrnl.exe","func@0x1403693a0","[Unknown]","0x1403693a0"
"0.000299999","0","0","800000","300000","0","ntoskrnl.exe","func@0x140431730","[Unknown]","0x140431730"
"0.000299999","0","0","300000","200000","0","igdkmdn64.sys","func@0x140483480","[Unknown]","0x140483480"
"0.000299999","0","0","300000","100000","0","ntoskrnl.exe","RtlRbRemoveNode","[Unknown]","0x1402ff4d0"
"0.000299999","","0","100000","100000","0","igdkmdn64.sys","func@0x140217670","[Unknown]","0x140217670"
"0.000299999","1","0","300000","100000","0","igdkmdn64.sys","func@0x1403281e0","[Unknown]","0x1403281e0"
"0.000299999","0","0","0","100000","0","ntoskrnl.exe","func@0x1403cded4","[Unknown]","0x1403cded4"
"0.000299999","0","0","100000","0","0","ntoskrnl.exe","func@0x1402bae40","[Unknown]","0x1402bae40"
"0.000299999","0","0","600000","800000","0","ntoskrnl.exe","func@0x140287c5c","[Unknown]","0x140287c5c"
"0.000299999","0","0","200000","1000000","0","ntoskrnl.exe","func@0x140287fac","[Unknown]","0x140287fac"
"0.000299999","0","0","300000","200000","0","ntoskrnl.exe","func@0x140278ea0","[Unknown]","0x140278ea0"
"0.000299999","0","0","300000","200000","0","ntoskrnl.exe","func@0x140231bb0","[Unknown]","0x140231bb0"
"0.000299999","0","0","200000","200000","0","ntoskrnl.exe","func@0x14028604c","[Unknown]","0x14028604c"
"0.000299999","0","0","1000000","200000","0","ntoskrnl.exe","ExpInterlockedPushEntrySList","[Unknown]","0x1406ae2c0"
"0.000299999","0","0","600000","1000000","0","ntoskrnl.exe","func@0x1408aeb40","[Unknown]","0x1408aeb40"
"0.000299999","0","0","200000","300000","0","ntoskrnl.exe","func@0x1402c945b","[Unknown]","0x1402c945b"
"0.000299999","0","0","400000","200000","0","ntoskrnl.exe","ExAcquireCacheAwarePushLockSharedEx","[Unknown]","0x140322940"
"0.000299999","0","0","200000","600000","0","ntoskrnl.exe","func@0x140235b10","[Unknown]","0x140235b10"
"0.000299999","0","0","1400000","900000","0","ntoskrnl.exe","func@0x14036b6c0","[Unknown]","0x14036b6c0"
"0.000299999","0","0","400000","100000","0","ntoskrnl.exe","func@0x1402ae080","[Unknown]","0x1402ae080"
"0.000299999","0","0","300000","300000","0","ntoskrnl.exe","func@0x14035c2f0","[Unknown]","0x14035c2f0"
"0.000299999","1","0","700000","100000","0","ntoskrnl.exe","ExAcquireSpinLockExclusiveAtDpcLevel","[Unknown]","0x140369a60"
"0.000299999","0","0","200000","300000","0","ntoskrnl.exe","func@0x1403cba91","[Unknown]","0x1403cba91"
"0.000299999","0","0","0","0","0","ntoskrnl.exe","func@0x140226a18","[Unknown]","0x140226a18"
"0.000299999","0","0","700000","700000","0","ntoskrnl.exe","func@0x140304f50","[Unknown]","0x140304f50"
"0.000299999","0","0","900000","100000","0","ntoskrnl.exe","func@0x140279aa0","[Unknown]","0x140279aa0"
"0.000299999","0","0","100000","0","0","nllvmm.sys","func@0x14001281c","[Unknown]","0x14001281c"
"0.000299999","0","0","200000","100000","0","ucrtbase.dll","fread","[Unknown]","0x180038720"
"0.000299999","0","0","300000","0","0","ntoskrnl.exe","func@0x1402db1c0","[Unknown]","0x1402db1c0"
"0.000299999","0","0","0","0","0","dxgmms2.sys","func@0x1c0007f40","[Unknown]","0x1c0007f40"
"0.000299999","0","0","200000","300000","0","kip_sequential_profile.exe","stbi__extend_receive","stb_image.h","0x14001c0fd"
"0.000299999","0","0","0","200000","0","fltmgr.sys","FltGetStreamHandleContext","[Unknown]","0x1c000b600"
"0.000299999","0","0","0","100000","0","ntoskrnl.exe","func@0x140312b44","[Unknown]","0x140312b44"
"0.000299999","0","0","300000","300000","0","ntdll.dll","func@0x1800484c0","[Unknown]","0x1800484c0"
"0.000299999","0","0","200000","500000","0","ntoskrnl.exe","func@0x14032e620","[Unknown]","0x14032e620"
"0.000299999","","0","0","0","0","ntoskrnl.exe","func@0x1402c3a00","[Unknown]","0x1402c3a00"
"0.000299999","0","0","2100000","200000","0","ntoskrnl.exe","func@0x140366d56","[Unknown]","0x140366d56"
"0.000299999","0","0","0","0","0","ntoskrnl.exe","func@0x140351745","[Unknown]","0x140351745"
"0.000299999","0","0","100000","300000","0","ntoskrnl.exe","func@0x1403cf431","[Unknown]","0x1403cf431"
"0.000299999","0","0","100000","100000","0","ntoskrnl.exe","func@0x140277f40","[Unknown]","0x140277f40"
"0.000299999","0","0","300000","100000","0","ucrtbase.dll","fread_s","[Unknown]","0x180038750"
"0.000299999","0","0","100000","100000","0","ntoskrnl.exe","func@0x14043b163","[Unknown]","0x14043b163"
"0.000299999","0","0","300000","0","0","symcryptk.dll","func@0x1c00014f0","[Unknown]","0x1c00014f0"
"0.000299999","0","0","0","100000","0","intelppm.sys","func@0x1c0001ea0","[Unknown]","0x1c0001ea0"
"0.000299999","0","0","100000","0","0","[Unknown]","[Outside any known module]","[Unknown]","0"
"0.000299999","","0","0","0","0","usbxhci.sys","func@0x1c00099fb","[Unknown]","0x1c00099fb"
"0.000299999","0","0","200000","0","0","ntoskrnl.exe","FsRtlAcquireHeaderMutex","[Unknown]","0x140326620"
"0.000199999","0","0","0","200000","0","kip_sequential_profile.exe","std::vector<std::vector<Pixel,std::allocator<Pixel> >,std::allocator<std::vector<Pixel,std::allocator<Pixel> > > >::~vector","vector","0x14002243f"
"0.000199999","0","0","600000","100000","0","ntoskrnl.exe","func@0x1402b33f0","[Unknown]","0x1402b33f0"
"0.000199999","0","0","1000000","300000","0","ntoskrnl.exe","func@0x1403cf9d0","[Unknown]","0x1403cf9d0"
"0.000199999","0","0","100000","100000","0","ntfs.sys","func@0x1c017e4e0","[Unknown]","0x1c017e4e0"
"0.000199999","0","0","0","0","0","ntoskrnl.exe","func@0x14027ad80","[Unknown]","0x14027ad80"
"0.000199999","0","0","0","100000","0","ucrtbase.dll","malloc","[Unknown]","0x180015e00"
"0.000199999","0","0","200000","600000","0","ntoskrnl.exe","func@0x14025a1b0","[Unknown]","0x14025a1b0"
"0.000199999","0","0","100000","100000","0","ntoskrnl.exe","func@0x1404078a0","[Unknown]","0x1404078a0"
"0.000199999","0","0","200000","100000","0","ntoskrnl.exe","func@0x140351d1e","[Unknown]","0x140351d1e"
"0.000199999","0","0","0","0","0","ntoskrnl.exe","func@0x1402e3500","[Unknown]","0x1402e3500"
"0.000199999","0","0","100000","0","0","ntoskrnl.exe","func@0x140275f89","[Unknown]","0x140275f89"
"0.000199999","0","0","200000","100000","0","ntdll.dll","RtlFreeHeap","[Unknown]","0x180095310"
"0.000199999","0","0","0","100000","0","ntfs.sys","func@0x1c011e052","[Unknown]","0x1c011e052"
"0.000199999","0","0","100000","0","0","ucrtbase.dll","free_base","[Unknown]","0x18001e0e0"
"0.000199999","0","0","300000","0","0","ntoskrnl.exe","KeIsAttachedProcess","[Unknown]","0x14044fa50"
"0.000199999","0","0","100000","100000","0","ntoskrnl.exe","func@0x140257ae0","[Unknown]","0x140257ae0"
"0.000199999","0","0","0","0","0","ntdll.dll","func@0x180048a80","[Unknown]","0x180048a80"
"0.000199999","0","0","300000","200000","0","ntoskrnl.exe","func@0x140311be0","[Unknown]","0x140311be0"
"0.000199999","0","0","0","0","0","ntoskrnl.exe","func@0x140235900","[Unknown]","0x140235900"
"0.000199999","0","0","0","100000","0","classpnp.sys","func@0x1c000d1b0","[Unknown]","0x1c000d1b0"
"0.000199999","0","0","0","0","0","ntfs.sys","func@0x1c01916c0","[Unknown]","0x1c01916c0"
"0.000199999","0","0","0","0","0","ntoskrnl.exe","func@0x1402ca3b0","[Unknown]","0x1402ca3b0"
"0.000199999","0","0","900000","100000","0","ntoskrnl.exe","func@0x1403d1528","[Unknown]","0x1403d1528"
"0.000199999","0","0","400000","400000","0","ntoskrnl.exe","func@0x1402bfe17","[Unknown]","0x1402bfe17"
"0.000199999","0","0","200000","0","0","fltmgr.sys","FltReleaseContext","[Unknown]","0x1c0004420"
"0.000199999","0","0","200000","100000","0","ntoskrnl.exe","func@0x14030206d","[Unknown]","0x14030206d"
"0.000199999","0","0","400000","500000","0","ntoskrnl.exe","func@0x140226cf6","[Unknown]","0x140226cf6"
"0.000199999","0","0","0","0","0","ntoskrnl.exe","func@0x140267492","[Unknown]","0x140267492"
"0.000199999","0","0","100000","0","0","ntoskrnl.exe","KeLeaveGuardedRegion","[Unknown]","0x14036ba10"
"0.000199999","0","0","100000","0","0","ntoskrnl.exe","func@0x140288471","[Unknown]","0x140288471"
"0.000199999","0","0","0","0","0","ntdll.dll","func@0x1800eb370","[Unknown]","0x1800eb370"
"0.000199999","0","0","400000","100000","0","ntoskrnl.exe","func@0x1402a73a0","[Unknown]","0x1402a73a0"
"0.000199999","0","0","0","0","0","ntoskrnl.exe","func@0x1408566b0","[Unknown]","0x1408566b0"
"0.000199999","0","0","0","0","0","ntoskrnl.exe","func@0x1406b95fa","[Unknown]","0x1406b95fa"
"0.000199999","0","0","100000","600000","0","ntoskrnl.exe","func@0x1408ae41e","[Unknown]","0x1408ae41e"
"0.000199999","0","0","400000","100000","0","ntoskrnl.exe","func@0x1402e46fc","[Unknown]","0x1402e46fc"
"0.000199999","0","0","0","100000","0","ntoskrnl.exe","func@0x1402b1d40","[Unknown]","0x1402b1d40"
"0.000199999","0","0","100000","0","0","ntoskrnl.exe","func@0x140449ee0","[Unknown]","0x140449ee0"
"0.000199999","0","0","1000000","0","0","ntoskrnl.exe","func@0x1403cefe0","[Unknown]","0x1403cefe0"
"0.000199999","0","0","0","0","0","ntoskrnl.exe","ObfDereferenceObject","[Unknown]","0x140361640"
"0.000199999","0","0","600000","400000","0","ntdll.dll","func@0x1800168a0","[Unknown]","0x1800168a0"
"0.000199999","0","0","300000","200000","0","fltmgr.sys","func@0x1c000bcb4","[Unknown]","0x1c000bcb4"
"0.000199999","0","0","0","200000","0","ntoskrnl.exe","func@0x14041def0","[Unknown]","0x14041def0"
"0.000199999","0","0","100000","0","0","ntoskrnl.exe","func@0x140284b00","[Unknown]","0x140284b00"
"0.000199999","0","0","100000","100000","0","ntfs.sys","func@0x1c014b755","[Unknown]","0x1c014b755"
"0.000199999","0","0","100000","0","0","ntoskrnl.exe","func@0x1403d180c","[Unknown]","0x1403d180c"
"0.000199999","0","0","0","0","0","ntoskrnl.exe","KeAddGroupAffinityEx","[Unknown]","0x14022b2a0"
"0.000199999","0","0","0","200000","0","ntoskrnl.exe","func@0x1402ff8de","[Unknown]","0x1402ff8de"
"0.000199999","0","0","0","200000","0","ntoskrnl.exe","func@0x1403cef54","[Unknown]","0x1403cef54"
"0.000199999","0","0","0","0","0","kip_sequential_profile.exe","operator new(unsigned __int64)","new_scalar.cpp","0x140023ee8"
"0.000199999","0","0","900000","200000","0","kip_sequential_profile.exe","std::vector<Pixel,std::allocator<Pixel> >::operator[]","vector","0x14000baa4"
"0.000199999","0","0","0","0","0","fltmgr.sys","func@0x1c000b070","[Unknown]","0x1c000b070"
"0.000199999","0","0","100000","0","0","ntoskrnl.exe","func@0x140279c55","[Unknown]","0x140279c55"
"0.000199999","0","0","0","200000","0","ntoskrnl.exe","func@0x140248c48","[Unknown]","0x140248c48"
"0.000199999","0","0","0","0","0","ntoskrnl.exe","func@0x1404f8930","[Unknown]","0x1404f8930"
"0.000199999","0","0","0","0","0","ntoskrnl.exe","func@0x1402bda50","[Unknown]","0x1402bda50"
"0.000199999","0","0","0","0","0","ucrtbase.dll","func@0x180036b40","[Unknown]","0x180036b40"
"0.000199999","0","0","400000","100000","0","ntoskrnl.exe","func@0x1403cfda0","[Unknown]","0x1403cfda0"
"0.000199999","0","0","300000","0","0","kip_sequential_profile.exe","stbi__jpeg_get_bits","stb_image.h","0x14001c36c"
"0.000199999","0","0","100000","0","0","ntoskrnl.exe","func@0x1403034d0","[Unknown]","0x1403034d0"
"0.000199999","0","0","0","100000","0","ndis.sys","func@0x1c0015e80","[Unknown]","0x1c0015e80"
"0.000199999","0","0","100000","100000","0","ntoskrnl.exe","func@0x140279f40","[Unknown]","0x140279f40"
"0.000199999","0","0","100000","100000","0","ntoskrnl.exe","func@0x1402a8fd0","[Unknown]","0x1402a8fd0"
"0.000199999","0","0","100000","100000","0","ntoskrnl.exe","func@0x1402c92d0","[Unknown]","0x1402c92d0"
"0.000199999","0","0","0","0","0","ntoskrnl.exe","func@0x140360df1","[Unknown]","0x140360df1"
"0.000199999","1","0","100000","0","0","ntoskrnl.exe","func@0x1408ae1d0","[Unknown]","0x1408ae1d0"
"0.000199999","0","0","300000","700000","0","ntoskrnl.exe","func@0x1402c69cb","[Unknown]","0x1402c69cb"
"0.000199999","0","0","1000000","1000000","0","ntoskrnl.exe","func@0x140287538","[Unknown]","0x140287538"
"0.000199999","","0","0","0","0","igdkmdn64.sys","func@0x1403b82d0","[Unknown]","0x1403b82d0"
"0.000199999","0","0","100000","300000","0","kip_sequential_profile.exe","std::vector<std::vector<Pixel,std::allocator<Pixel> >,std::allocator<std::vector<Pixel,std::allocator<Pixel> > > >::~vector","vector","0x14000b648"
"0.000199999","0","0","0","100000","0","igdkmdn64.sys","func@0x140044e60","[Unknown]","0x140044e60"
"0.000199999","0","0","200000","100000","0","ntdll.dll","func@0x180047d40","[Unknown]","0x180047d40"
"0.000199999","0","0","400000","300000","0","ntoskrnl.exe","func@0x1403cdc60","[Unknown]","0x1403cdc60"
"0.000199999","0","0","0","0","0","ntoskrnl.exe","ExReleaseCacheAwarePushLockSharedEx","[Unknown]","0x1403fcf00"
"0.000199999","0","0","0","0","0","iastorvd.sys","func@0x14001d850","[Unknown]","0x14001d850"
"0.000199999","0","0","0","0","0","ntoskrnl.exe","func@0x1405d468c","[Unknown]","0x1405d468c"
"0.000199999","0","0","0","0","0","ntoskrnl.exe","func@0x1403cf1e8","[Unknown]","0x1403cf1e8"
"0.000199999","0","0","0","0","0","ntoskrnl.exe","func@0x14032e038","[Unknown]","0x14032e038"
"0.000199999","0","0","100000","200000","0","ntoskrnl.exe","func@0x1402be652","[Unknown]","0x1402be652"
"0.000199999","0","0","0","0","0","igdkmdn64.sys","func@0x140021a60","[Unknown]","0x140021a60"
"0.000199999","0","0","100000","400000","0","ntoskrnl.exe","func@0x1402e060b","[Unknown]","0x1402e060b"
"0.000199999","1","0","200000","200000","0","ntoskrnl.exe","func@0x1402f75d0","[Unknown]","0x1402f75d0"
"0.000199999","","0","0","0","0","igdkmdn64.sys","func@0x1402ca900","[Unknown]","0x1402ca900"
"0.000199999","0","0","0","0","0","igdkmdn64.sys","func@0x1402be7b0","[Unknown]","0x1402be7b0"
"0.000199999","0","0","500000","600000","0","ntoskrnl.exe","func@0x14031d3c0","[Unknown]","0x14031d3c0"
"0.000199999","0","0","0","0","0","ntoskrnl.exe","func@0x14023b880","[Unknown]","0x14023b880"
"0.000199999","0","0","0","0","0","ntoskrnl.exe","ExReleaseFastMutex","[Unknown]","0x140226250"
"0.000199999","0","0","300000","100000","0","ntoskrnl.exe","FsRtlAddBaseMcbEntryEx","[Unknown]","0x1403dadd0"
"0.000199999","0","0","100000","0","0","ntdll.dll","RtlGetCurrentServiceSessionId","[Unknown]","0x180091b90"
"0.000199999","0","0","200000","200000","0","kip_sequential_profile.exe","std::vector<std::vector<Pixel,std::allocator<Pixel> >,std::allocator<std::vector<Pixel,std::allocator<Pixel> > > >::~vector","vector","0x140022512"
"0.000199999","0","0","100000","0","0","ntoskrnl.exe","func@0x1402b21d0","[Unknown]","0x1402b21d0"
"0.000199999","0","0","300000","300000","0","ntoskrnl.exe","func@0x140323ec0","[Unknown]","0x140323ec0"
"0.000199999","0","0","700000","300000","0","ntoskrnl.exe","func@0x1404168c0","[Unknown]","0x1404168c0"
"0.000199999","0","0","300000","200000","0","ntoskrnl.exe","ExAcquireFastMutex","[Unknown]","0x140324640"
"0.000199999","0","0","0","100000","0","ntoskrnl.exe","KeReleaseInStackQueuedSpinLock","[Unknown]","0x140257720"
"9.99996e-05","0","0","0","0","0","ntoskrnl.exe","func@0x14035e6c0","[Unknown]","0x14035e6c0"
"9.99996e-05","0","0","100000","0","0","ntoskrnl.exe","func@0x14041e82c","[Unknown]","0x14041e82c"
"9.99996e-05","0","0","0","0","0","ntoskrnl.exe","func@0x1403e6734","[Unknown]","0x1403e6734"
"9.99996e-05","0","0","0","0","0","ntoskrnl.exe","func@0x1408bc970","[Unknown]","0x1408bc970"
"9.99996e-05","0","0","200000","300000","0","ntoskrnl.exe","func@0x140242c50","[Unknown]","0x140242c50"
"9.99996e-05","0","0","0","0","0","ntoskrnl.exe","func@0x14036a140","[Unknown]","0x14036a140"
"9.99996e-05","","0","200000","0","0","ntoskrnl.exe","func@0x140272dd0","[Unknown]","0x140272dd0"
"9.99996e-05","0","0","200000","400000","0","ntoskrnl.exe","func@0x1404f7534","[Unknown]","0x1404f7534"
"9.99996e-05","0","0","200000","200000","0","ntoskrnl.exe","func@0x1403d0bb0","[Unknown]","0x1403d0bb0"
"9.99996e-05","0","0","0","0","0","ntoskrnl.exe","func@0x14049545b","[Unknown]","0x14049545b"
"9.99996e-05","0","0","0","0","0","ntoskrnl.exe","func@0x140a14570","[Unknown]","0x140a14570"
"9.99996e-05","0","0","0","0","0","ntoskrnl.exe","func@0x140856903","[Unknown]","0x140856903"
"9.99996e-05","0","0","200000","100000","0","ntoskrnl.exe","func@0x140279e20","[Unknown]","0x140279e20"
"9.99996e-05","","0","100000","100000","0","ntoskrnl.exe","KeAcquireInStackQueuedSpinLock","[Unknown]","0x140256270"
"9.99996e-05","0","0","0","0","0","ntoskrnl.exe","func@0x1402ba190","[Unknown]","0x1402ba190"
"9.99996e-05","0","0","0","0","0","ntoskrnl.exe","func@0x1402c5f82","[Unknown]","0x1402c5f82"
"9.99996e-05","0","0","100000","100000","0","ntoskrnl.exe","func@0x1402ea090","[Unknown]","0x1402ea090"
"9.99996e-05","0","0","400000","600000","0","ntoskrnl.exe","func@0x14043af20","[Unknown]","0x14043af20"
"9.99996e-05","0","0","0","200000","0","ntoskrnl.exe","KeWaitForMutexObject","[Unknown]","0x140324760"
"9.99996e-05","0","0","0","100000","0","ntoskrnl.exe","func@0x14028b8a0","[Unknown]","0x14028b8a0"
"9.99996e-05","0","0","400000","0","0","ntoskrnl.exe","func@0x1403b4c90","[Unknown]","0x1403b4c90"
"9.99996e-05","0","0","0","0","0","ntoskrnl.exe","func@0x14036f620","[Unknown]","0x14036f620"
"9.99996e-05","0","0","100000","0","0","ntoskrnl.exe","func@0x140350d09","[Unknown]","0x140350d09"
"9.99996e-05","0","0","0","0","0","ntoskrnl.exe","func@0x14084f800","[Unknown]","0x14084f800"
"9.99996e-05","0","0","0","0","0","ntoskrnl.exe","func@0x140303995","[Unknown]","0x140303995"
"9.99996e-05","0","0","700000","1000000","0","ntoskrnl.exe","IoGetCurrentProcess","[Unknown]","0x14043de50"
"9.99996e-05","0","0","200000","200000","0","ntoskrnl.exe","func@0x140277cb0","[Unknown]","0x140277cb0"
"9.99996e-05","0","","0","0","0","ntoskrnl.exe","func@0x140302170","[Unknown]","0x140302170"
"9.99996e-05","0","0","0","0","0","ntoskrnl.exe","func@0x140459f00","[Unknown]","0x140459f00"
"9.99996e-05","1","0","0","0","0","ntoskrnl.exe","func@0x14036ae80","[Unknown]","0x14036ae80"
"9.99996e-05","0","0","100000","0","0","ntoskrnl.exe","func@0x1402c58a1","[Unknown]","0x1402c58a1"
"9.99996e-05","0","0","0","0","0","ntoskrnl.exe","func@0x140288ddd","[Unknown]","0x140288ddd"
"9.99996e-05","0","0","200000","0","0","ntoskrnl.exe","func@0x1403e8868","[Unknown]","0x1403e8868"
"9.99996e-05","0","0","200000","200000","0","ntoskrnl.exe","func@0x140217b50","[Unknown]","0x140217b50"
"9.99996e-05","0","0","300000","200000","0","ntoskrnl.exe","func@0x140323af2","[Unknown]","0x140323af2"
"9.99996e-05","0","0","0","0","0","ntoskrnl.exe","func@0x14030de30","[Unknown]","0x14030de30"
"9.99996e-05","0","0","0","0","0","ntoskrnl.exe","func@0x1402803e0","[Unknown]","0x1402803e0"
"9.99996e-05","0","0","0","100000","0","ntoskrnl.exe","func@0x14044a790","[Unknown]","0x14044a790"
"9.99996e-05","0","0","0","100000","0","ntoskrnl.exe","func@0x14021a8b0","[Unknown]","0x14021a8b0"
"9.99996e-05","0","0","400000","0","0","ntoskrnl.exe","KeFindFirstSetRightAffinityEx","[Unknown]","0x14047bf00"
"9.99996e-05","0","0","100000","0","0","ntoskrnl.exe","func@0x1402c97b0","[Unknown]","0x1402c97b0"
"9.99996e-05","0","0","0","0","0","ntoskrnl.exe","func@0x1406b06e0","[Unknown]","0x1406b06e0"
"9.99996e-05","0","0","0","0","0","ntoskrnl.exe","func@0x140260440","[Unknown]","0x140260440"
"9.99996e-05","0","0","300000","100000","0","ntoskrnl.exe","func@0x1402dc830","[Unknown]","0x1402dc830"
"9.99996e-05","0","0","0","0","0","ntoskrnl.exe","func@0x140280564","[Unknown]","0x140280564"
"9.99996e-05","0","0","200000","0","0","ntoskrnl.exe","func@0x1403239f0","[Unknown]","0x1403239f0"
"9.99996e-05","0","0","0","0","0","ntoskrnl.exe","func@0x1402e5ecc","[Unknown]","0x1402e5ecc"
"9.99996e-05","0","0","0","0","0","ntoskrnl.exe","func@0x140280980","[Unknown]","0x140280980"
"9.99996e-05","0","0","0","0","0","ntoskrnl.exe","func@0x1402aded6","[Unknown]","0x1402aded6"
"9.99996e-05","0","0","100000","0","0","ntoskrnl.exe","func@0x1402ff09d","[Unknown]","0x1402ff09d"
"9.99996e-05","0","0","0","0","0","ntoskrnl.exe","func@0x140244110","[Unknown]","0x140244110"
"9.99996e-05","0","0","0","0","0","ntoskrnl.exe","func@0x14029a280","[Unknown]","0x14029a280"
"9.99996e-05","0","0","0","0","0","ntoskrnl.exe","func@0x14030f878","[Unknown]","0x14030f878"
"9.99996e-05","0","0","0","0","0","ntoskrnl.exe","func@0x1402bdb36","[Unknown]","0x1402bdb36"
"9.99996e-05","0","0","0","0","0","ntoskrnl.exe","func@0x140260624","[Unknown]","0x140260624"
"9.99996e-05","0","0","0","0","0","ntoskrnl.exe","KeQueryInterruptTimePrecise","[Unknown]","0x14028f3e0"
"9.99996e-05","0","0","0","0","0","ntoskrnl.exe","func@0x14026f660","[Unknown]","0x14026f660"
"9.99996e-05","0","0","0","0","0","ntoskrnl.exe","func@0x14041ec68","[Unknown]","0x14041ec68"
"9.99996e-05","0","0","700000","700000","0","ntoskrnl.exe","func@0x1405db950","[Unknown]","0x1405db950"
"9.99996e-05","0","0","0","0","0","ntoskrnl.exe","func@0x14021c5b0","[Unknown]","0x14021c5b0"
"9.99996e-05","0","0","200000","0","0","ntoskrnl.exe","func@0x1406ad450","[Unknown]","0x1406ad450"
"9.99996e-05","0","0","0","0","0","ntoskrnl.exe","func@0x140414420","[Unknown]","0x140414420"
"9.99996e-05","0","0","0","0","0","ntoskrnl.exe","func@0x1402c6403","[Unknown]","0x1402c6403"
"9.99996e-05","0","0","0","0","0","ntoskrnl.exe","ExQueueWorkItem","[Unknown]","0x140361810"
"9.99996e-05","0","0","0","0","0","ntoskrnl.exe","func@0x140914b8e","[Unknown]","0x140914b8e"
"9.99996e-05","0","0","0","0","0","ntoskrnl.exe","IoSetMasterIrpStatus","[Unknown]","0x1404548b0"
"9.99996e-05","0","0","100000","0","0","ntoskrnl.exe","func@0x1403fd190","[Unknown]","0x1403fd190"
"9.99996e-05","0","0","0","0","0","ntoskrnl.exe","IoGetStackLimits","[Unknown]","0x140306210"
"9.99996e-05","0","0","100000","0","0","ntoskrnl.exe","func@0x140313e9c","[Unknown]","0x140313e9c"
"9.99996e-05","0","0","100000","0","0","ntoskrnl.exe","func@0x1402931e0","[Unknown]","0x1402931e0"
"9.99996e-05","0","0","100000","100000","0","ntoskrnl.exe","func@0x1402e9487","[Unknown]","0x1402e9487"
"9.99996e-05","0","0","0","0","0","ntoskrnl.exe","func@0x1402a212c","[Unknown]","0x1402a212c"
"9.99996e-05","0","0","0","0","0","ntoskrnl.exe","func@0x14032606c","[Unknown]","0x14032606c"
"9.99996e-05","0","0","0","0","0","ntoskrnl.exe","ExAcquireRundownProtectionCacheAware","[Unknown]","0x1402a6450"
"9.99996e-05","","0","100000","100000","0","ntoskrnl.exe","func@0x14041df9c","[Unknown]","0x14041df9c"
"9.99996e-05","0","0","0","0","0","ntoskrnl.exe","func@0x140312a74","[Unknown]","0x140312a74"
"9.99996e-05","0","0","0","0","0","ntoskrnl.exe","func@0x140852cd0","[Unknown]","0x140852cd0"
"9.99996e-05","0","0","0","100000","0","ntoskrnl.exe","func@0x140311c90","[Unknown]","0x140311c90"
"9.99996e-05","0","0","0","0","0","ntoskrnl.exe","InterlockedPushListSList","[Unknown]","0x1406ae330"
"9.99996e-05","0","0","0","0","0","ntoskrnl.exe","func@0x14032f4a0","[Unknown]","0x14032f4a0"
"9.99996e-05","0","0","100000","100000","0","ntoskrnl.exe","func@0x14043a4c0","[Unknown]","0x14043a4c0"
"9.99996e-05","0","0","0","0","0","ntoskrnl.exe","func@0x140226b20","[Unknown]","0x140226b20"
"9.99996e-05","0","0","0","100000","0","ntoskrnl.exe","func@0x1403e19e0","[Unknown]","0x1403e19e0"
"9.99996e-05","0","0","400000","100000","0","ntoskrnl.exe","KeQueryPerformanceCounter","[Unknown]","0x140365f00"
"9.99996e-05","0","0","0","0","0","ntoskrnl.exe","func@0x140284db2","[Unknown]","0x140284db2"
"9.99996e-05","0","0","0","0","0","ntoskrnl.exe","func@0x140269990","[Unknown]","0x140269990"
"9.99996e-05","0","0","100000","0","0","ntoskrnl.exe","func@0x1402c6be0","[Unknown]","0x1402c6be0"
"9.99996e-05","0","0","200000","0","0","ntoskrnl.exe","func@0x1403cba40","[Unknown]","0x1403cba40"
"9.99996e-05","0","0","0","0","0","ntoskrnl.exe","ExAcquireResourceExclusiveLite","[Unknown]","0x14024f4b0"
"9.99996e-05","0","0","0","0","0","ntoskrnl.exe","PsGetCurrentServerSilo","[Unknown]","0x1403dec90"
"9.99996e-05","0","0","0","200000","0","ntoskrnl.exe","func@0x1402af43f","[Unknown]","0x1402af43f"
"9.99996e-05","0","0","100000","0","0","ntoskrnl.exe","func@0x14028a2f0","[Unknown]","0x14028a2f0"
"9.99996e-05","0","0","200000","200000","0","ntoskrnl.exe","func@0x1404f4e50","[Unknown]","0x1404f4e50"
"9.99996e-05","0","0","0","0","0","ntoskrnl.exe","func@0x140266a30","[Unknown]","0x140266a30"
"9.99996e-05","0","0","0","0","0","ntoskrnl.exe","func@0x140258b80","[Unknown]","0x140258b80"
"9.99996e-05","0","0","0","0","0","ntoskrnl.exe","func@0x14020af30","[Unknown]","0x14020af30"
"9.99996e-05","0","0","300000","100000","0","ntoskrnl.exe","func@0x140459f50","[Unknown]","0x140459f50"
"9.99996e-05","0","0","100000","0","0","ntoskrnl.exe","func@0x140272930","[Unknown]","0x140272930"
"9.99996e-05","0","0","0","100000","0","ntoskrnl.exe","func@0x1402697d0","[Unknown]","0x1402697d0"
"9.99996e-05","0","0","0","0","0","ntoskrnl.exe","func@0x1408eb580","[Unknown]","0x1408eb580"
"9.99996e-05","0","0","0","100000","0","ntoskrnl.exe","func@0x140311c58","[Unknown]","0x140311c58"
"9.99996e-05","0","0","100000","0","0","ntoskrnl.exe","ExReleaseAutoExpandPushLockShared","[Unknown]","0x140372290"
"9.99996e-05","0","0","0","0","0","ntoskrnl.exe","func@0x140237421","[Unknown]","0x140237421"
"9.99996e-05","0","0","0","0","0","ntoskrnl.exe","func@0x1406af9a3","[Unknown]","0x1406af9a3"
"9.99996e-05","0","0","100000","500000","0","ntoskrnl.exe","func@0x14043b4d0","[Unknown]","0x14043b4d0"
"9.99996e-05","0","0","0","100000","0","ntoskrnl.exe","func@0x140269b10","[Unknown]","0x140269b10"
"9.99996e-05","0","0","0","0","0","ntoskrnl.exe","func@0x140364ab1","[Unknown]","0x140364ab1"
"9.99996e-05","","0","100000","100000","0","ntoskrnl.exe","func@0x140249050","[Unknown]","0x140249050"
"9.99996e-05","","0","100000","0","0","ntoskrnl.exe","func@0x140250293","[Unknown]","0x140250293"
"9.99996e-05","0","0","200000","100000","0","ntoskrnl.exe","func@0x1402db7c0","[Unknown]","0x1402db7c0"
"9.99996e-05","0","0","100000","100000","0","ntoskrnl.exe","func@0x1404146ba","[Unknown]","0x1404146ba"
"9.99996e-05","0","0","0","0","0","ntoskrnl.exe","func@0x1402bd6c7","[Unknown]","0x1402bd6c7"
"9.99996e-05","0","0","0","0","0","ntoskrnl.exe","func@0x1402b477f","[Unknown]","0x1402b477f"
"9.99996e-05","0","0","0","100000","0","ntoskrnl.exe","func@0x1402ab1d0","[Unknown]","0x1402ab1d0"
"9.99996e-05","0","0","0","100000","0","ntoskrnl.exe","func@0x1402aa5bc","[Unknown]","0x1402aa5bc"
"9.99996e-05","0","0","0","0","0","ntoskrnl.exe","func@0x1404bb9b8","[Unknown]","0x1404bb9b8"
"9.99996e-05","0","0","0","0","0","ntoskrnl.exe","func@0x14021a620","[Unknown]","0x14021a620"
"9.99996e-05","0","0","0","0","0","ntoskrnl.exe","func@0x14084c750","[Unknown]","0x14084c750"
"9.99996e-05","0","0","0","0","0","ntoskrnl.exe","func@0x140331290","[Unknown]","0x140331290"
"9.99996e-05","0","0","100000","0","0","ntoskrnl.exe","func@0x140436132","[Unknown]","0x140436132"
"9.99996e-05","0","0","0","0","0","ntoskrnl.exe","func@0x1403312a8","[Unknown]","0x1403312a8"
"9.99996e-05","0","0","100000","0","0","ntoskrnl.exe","func@0x14041d1f0","[Unknown]","0x14041d1f0"
"9.99996e-05","0","0","0","0","0","ntoskrnl.exe","func@0x1408de20e","[Unknown]","0x1408de20e"
"9.99996e-05","0","0","0","0","0","ntoskrnl.exe","func@0x140a14180","[Unknown]","0x140a14180"
"9.99996e-05","0","0","0","0","0","ntoskrnl.exe","func@0x140301547","[Unknown]","0x140301547"
"9.99996e-05","0","0","0","0","0","ntoskrnl.exe","func@0x140976a20","[Unknown]","0x140976a20"
"9.99996e-05","0","0","500000","400000","0","ntoskrnl.exe","func@0x1402ca720","[Unknown]","0x1402ca720"
"9.99996e-05","0","0","0","100000","0","ntoskrnl.exe","PfFileInfoNotify","[Unknown]","0x140256c60"
"9.99996e-05","0","0","1100000","100000","0","ntoskrnl.exe","func@0x14023d25d","[Unknown]","0x14023d25d"
"9.99996e-05","0","0","0","0","0","ntoskrnl.exe","func@0x1402489c8","[Unknown]","0x1402489c8"
"9.99996e-05","0","0","100000","0","0","ntoskrnl.exe","func@0x1403d3bb0","[Unknown]","0x1403d3bb0"
"9.99996e-05","0","0","0","0","0","ntoskrnl.exe","ExAcquireSpinLockExclusive","[Unknown]","0x14025cc60"
"9.99996e-05","0","0","0","0","0","ntoskrnl.exe","RtlLookupEntryHashTable","[Unknown]","0x140408d30"
"9.99996e-05","0","0","100000","200000","0","ntoskrnl.exe","func@0x140217e02","[Unknown]","0x140217e02"
"9.99996e-05","0","0","0","0","0","ntoskrnl.exe","FsRtlFindExtraCreateParameter","[Unknown]","0x1409892b0"
"9.99996e-05","0","0","0","0","0","wdiwifi.sys","func@0x1c000b1e0","[Unknown]","0x1c000b1e0"
"9.99996e-05","0","0","0","200000","0","ntoskrnl.exe","func@0x140241f4b","[Unknown]","0x140241f4b"
"9.99996e-05","0","0","0","0","0","netwtw10.sys","func@0x14030a82f","[Unknown]","0x14030a82f"
"9.99996e-05","0","0","0","0","0","dxgmms2.sys","func@0x1c000ae94","[Unknown]","0x1c000ae94"
"9.99996e-05","0","0","0","0","0","dxgmms2.sys","func@0x1c0031e18","[Unknown]","0x1c0031e18"
"9.99996e-05","0","0","200000","300000","0","ntoskrnl.exe","func@0x140304b70","[Unknown]","0x140304b70"
"9.99996e-05","0","0","0","0","0","ntfs.sys","func@0x1c0179470","[Unknown]","0x1c0179470"
"9.99996e-05","0","0","0","0","0","ntoskrnl.exe","RtlCompareMemory","[Unknown]","0x1406ae380"
"9.99996e-05","0","0","200000","700000","0","ntoskrnl.exe","func@0x1403cd510","[Unknown]","0x1403cd510"
"9.99996e-05","0","0","0","0","0","dxgmms2.sys","[dxgmms2.sys]","[Unknown]","0"
"9.99996e-05","0","0","0","100000","0","ucrtbase.dll","free","[Unknown]","0x180015de0"
"9.99996e-05","0","0","0","0","0","tcpip.sys","func@0x1c0150970","[Unknown]","0x1c0150970"
"9.99996e-05","0","0","0","0","0","kip_sequential_profile.exe","std::vector<Pixel,std::allocator<Pixel> >::operator[]","vector","0x140022e2f"
"9.99996e-05","0","0","200000","0","0","ntdll.dll","RtlUnicodeToMultiByteN","[Unknown]","0x18006a400"
"9.99996e-05","0","0","100000","0","0","ntoskrnl.exe","func@0x1402dd048","[Unknown]","0x1402dd048"
"9.99996e-05","0","0","100000","0","0","ntdll.dll","wcslen","[Unknown]","0x18012c880"
"9.99996e-05","0","0","100000","0","0","fltmgr.sys","FltGetStreamContext","[Unknown]","0x1c000b910"
"9.99996e-05","0","0","0","0","0","ntoskrnl.exe","func@0x1402c6960","[Unknown]","0x1402c6960"
"9.99996e-05","0","0","0","0","0","ntoskrnl.exe","func@0x140856e00","[Unknown]","0x140856e00"
"9.99996e-05","0","0","100000","0","0","fltmgr.sys","func@0x1c0010160","[Unknown]","0x1c0010160"
"9.99996e-05","0","0","0","0","0","dxgmms2.sys","func@0x1c0008415","[Unknown]","0x1c0008415"
"9.99996e-05","0","0","0","0","0","netwtw10.sys","func@0x14000b5b0","[Unknown]","0x14000b5b0"
"9.99996e-05","0","0","100000","200000","0","kip_sequential_profile.exe","stbi__jpeg_get_bits","stb_image.h","0x14001bf8f"
"9.99996e-05","0","0","0","0","0","igdkmdn64.sys","func@0x14014ce00","[Unknown]","0x14014ce00"
"9.99996e-05","0","0","0","0","0","dxgmms2.sys","func@0x1c00131d8","[Unknown]","0x1c00131d8"
"9.99996e-05","0","0","0","0","0","netwtw10.sys","func@0x14030dab0","[Unknown]","0x14030dab0"
"9.99996e-05","0","0","0","0","0","fltmgr.sys","func@0x1c000c050","[Unknown]","0x1c000c050"
"9.99996e-05","","0","200000","0","0","ntdll.dll","NtReadFile","[Unknown]","0x180161e80"
"9.99996e-05","0","0","100000","0","0","ntoskrnl.exe","func@0x1402501f0","[Unknown]","0x1402501f0"
"9.99996e-05","0","0","0","0","0","dxgmms2.sys","func@0x1c0006670","[Unknown]","0x1c0006670"
"9.99996e-05","0","0","0","0","0","ntoskrnl.exe","IoAllocateWorkItem","[Unknown]","0x140455680"
"9.99996e-05","0","0","200000","0","0","kip_sequential_profile.exe","load_jpeg_image(struct stbi__jpeg *, int *, int *, int *, int)","stb_image.h","0x140019650"
"9.99996e-05","0","0","0","0","0","ucrtbase.dll","fputc","[Unknown]","0x180038250"
"9.99996e-05","0","0","0","0","0","igdkmdn64.sys","func@0x140133b30","[Unknown]","0x140133b30"
"9.99996e-05","0","0","0","0","0","dxgkrnl.sys","func@0x1c0049e20","[Unknown]","0x1c0049e20"
"9.99996e-05","0","0","0","0","0","ntfs.sys","func@0x1c01490ca","[Unknown]","0x1c01490ca"
"9.99996e-05","0","0","0","0","0","igdkmdn64.sys","func@0x14013c910","[Unknown]","0x14013c910"
"9.99996e-05","0","0","100000","500000","0","fltmgr.sys","func@0x1c0009840","[Unknown]","0x1c0009840"
"9.99996e-05","0","0","0","100000","0","dxgmms2.sys","func@0x1c0010580","[Unknown]","0x1c0010580"
"9.99996e-05","0","0","0","0","0","dxgmms2.sys","func@0x1c003eb20","[Unknown]","0x1c003eb20"
"9.99996e-05","0","0","0","100000","0","dxgmms2.sys","func@0x1c0009570","[Unknown]","0x1c0009570"
"9.99996e-05","0","0","0","0","0","dxgkrnl.sys","func@0x1c0032460","[Unknown]","0x1c0032460"
"9.99996e-05","0","0","0","0","0","tcpip.sys","func@0x1c00ce300","[Unknown]","0x1c00ce300"
"9.99996e-05","0","0","0","0","0","igdkmdn64.sys","func@0x1402162a0","[Unknown]","0x1402162a0"
"9.99996e-05","0","0","0","0","0","igdkmdn64.sys","func@0x1402bea40","[Unknown]","0x1402bea40"
"9.99996e-05","0","0","200000","100000","0","kip_sequential_profile.exe","stbi__stdio_read(void *, char *, int)","stb_image.h","0x14000be60"
"9.99996e-05","0","0","100000","100000","0","igdkmdn64.sys","func@0x140157aa0","[Unknown]","0x140157aa0"
"9.99996e-05","0","0","0","0","0","ntdll.dll","func@0x1800cc980","[Unknown]","0x1800cc980"
"9.99996e-05","0","0","800000","0","0","ntoskrnl.exe","func@0x1408b2920","[Unknown]","0x1408b2920"
"9.99996e-05","0","0","0","0","0","igdkmdn64.sys","func@0x14012efa0","[Unknown]","0x14012efa0"
"9.99996e-05","0","0","0","0","0","igdkmdn64.sys","func@0x1402b8190","[Unknown]","0x1402b8190"
"9.99996e-05","0","0","100000","0","0","fileinfo.sys","func@0x1c0001000","[Unknown]","0x1c0001000"
"9.99996e-05","0","0","0","0","0","igdkmdn64.sys","func@0x14003bc10","[Unknown]","0x14003bc10"
"9.99996e-05","0","0","0","0","0","ntoskrnl.exe","func@0x14044f9c0","[Unknown]","0x14044f9c0"
"9.99996e-05","0","0","0","0","0","nllsnx.sys","func@0x14004eff8","[Unknown]","0x14004eff8"
"9.99996e-05","0","0","0","0","0","igdkmdn64.sys","func@0x140151610","[Unknown]","0x140151610"
"9.99996e-05","0","0","0","0","0","igdkmdn64.sys","func@0x1400bbc20","[Unknown]","0x1400bbc20"
"9.99996e-05","0","0","0","0","0","igdkmdn64.sys","func@0x140149700","[Unknown]","0x140149700"
"9.99996e-05","0","0","0","0","0","igdkmdn64.sys","func@0x14003e4f0","[Unknown]","0x14003e4f0"
"9.99996e-05","0","0","100000","100000","0","ntoskrnl.exe","func@0x1403de9f0","[Unknown]","0x1403de9f0"
"9.99996e-05","0","0","0","0","0","igdkmdn64.sys","func@0x14012fb90","[Unknown]","0x14012fb90"
"9.99996e-05","0","0","0","0","0","igdkmdn64.sys","func@0x1403b62a0","[Unknown]","0x1403b62a0"
"9.99996e-05","0","0","0","0","0","intelppm.sys","func@0x1c0003150","[Unknown]","0x1c0003150"
"9.99996e-05","0","0","0","0","0","volsnap.sys","func@0x1c005d1c5","[Unknown]","0x1c005d1c5"
"9.99996e-05","0","0","100000","0","0","igdkmdn64.sys","func@0x14016b5c0","[Unknown]","0x14016b5c0"
"9.99996e-05","0","0","0","0","0","ntoskrnl.exe","func@0x1402aa4f0","[Unknown]","0x1402aa4f0"
"9.99996e-05","0","0","300000","0","0","ntoskrnl.exe","func@0x1402dcd0a","[Unknown]","0x1402dcd0a"
"9.99996e-05","0","0","0","0","0","iastorvd.sys","func@0x1400cdd20","[Unknown]","0x1400cdd20"
"9.99996e-05","0","0","100000","100000","0","ntoskrnl.exe","func@0x140287781","[Unknown]","0x140287781"
"9.99996e-05","0","0","0","0","0","ntdll.dll","func@0x180048e50","[Unknown]","0x180048e50"
"9.99996e-05","0","0","0","0","0","ntoskrnl.exe","KeReleaseInStackQueuedSpinLockFromDpcLevel","[Unknown]","0x14024f2f0"
"9.99996e-05","0","0","300000","0","0","ntoskrnl.exe","func@0x1403f0a40","[Unknown]","0x1403f0a40"
"9.99996e-05","0","0","0","100000","0","ntdll.dll","func@0x180029630","[Unknown]","0x180029630"
"9.99996e-05","0","0","300000","300000","0","ntoskrnl.exe","func@0x1403cda48","[Unknown]","0x1403cda48"
"9.99996e-05","0","0","0","0","0","ntdll.dll","func@0x180048da8","[Unknown]","0x180048da8"
"9.99996e-05","0","0","0","0","0","ntoskrnl.exe","func@0x1403d04b0","[Unknown]","0x1403d04b0"
"9.99996e-05","0","0","0","200000","0","kip_sequential_profile.exe","stbi__refill_buffer(struct stbi__context *)","stb_image.h","0x1400103c0"
"9.99996e-05","0","0","0","0","0","netio.sys","func@0x1c0009962","[Unknown]","0x1c0009962"
"9.99996e-05","0","0","600000","200000","0","ntoskrnl.exe","func@0x1403e6524","[Unknown]","0x1403e6524"
"9.99996e-05","0","0","0","0","0","netio.sys","RtlIsTimerWheelSuspended","[Unknown]","0x1c0043b30"
"9.99996e-05","0","0","500000","200000","0","ntoskrnl.exe","func@0x14023f5e0","[Unknown]","0x14023f5e0"
"9.99996e-05","0","0","100000","100000","0","ntoskrnl.exe","func@0x1404185a0","[Unknown]","0x1404185a0"
"9.99996e-05","0","0","100000","0","0","ntoskrnl.exe","func@0x1402af070","[Unknown]","0x1402af070"
"9.99996e-05","0","0","100000","100000","0","ntoskrnl.exe","func@0x1402a05b5","[Unknown]","0x1402a05b5"
"9.99996e-05","","0","0","0","0","ntdll.dll","func@0x180017f70","[Unknown]","0x180017f70"
"9.99996e-05","0","0","0","0","0","ntoskrnl.exe","func@0x1402b1bc0","[Unknown]","0x1402b1bc0"
"9.99996e-05","0","0","0","0","0","dxgmms2.sys","func@0x1c0006b02","[Unknown]","0x1c0006b02"
"9.99996e-05","0","0","0","200000","0","kip_sequential_profile.exe","std::_Uninitialized_backout_al<std::allocator<std::vector<Pixel,std::allocator<Pixel> > > >::_Emplace_back","xmemory","0x140021ab0"
"9.99996e-05","0","0","0","0","0","nllnethub.sys","func@0x140025a50","[Unknown]","0x140025a50"
"9.99996e-05","0","0","0","0","0","nllbidsdriver.sys","func@0x180020748","[Unknown]","0x180020748"
"9.99996e-05","0","0","0","0","0","kip_sequential_profile.exe","std::vector<Pixel,std::allocator<Pixel> >::_Buy_nonzero","vector","0x140021ae6"
"9.99996e-05","0","0","100000","0","0","bindflt.sys","func@0x1c0007010","[Unknown]","0x1c0007010"
"9.99996e-05","0","0","0","0","0","nllbidsdriver.sys","func@0x18000f9cc","[Unknown]","0x18000f9cc"
"9.99996e-05","0","0","0","0","0","netwtw10.sys","func@0x140071ef0","[Unknown]","0x140071ef0"
"9.99996e-05","0","0","0","0","0","ntfs.sys","func@0x1c0113fc0","[Unknown]","0x1c0113fc0"
"9.99996e-05","0","0","0","0","0","kernel32.dll","func@0x180025bfc","[Unknown]","0x180025bfc"
"9.99996e-05","0","0","0","0","0","ntoskrnl.exe","func@0x140217140","[Unknown]","0x140217140"
"9.99996e-05","0","0","0","100000","0","ntoskrnl.exe","func@0x14025e860","[Unknown]","0x14025e860"
"9.99996e-05","0","0","300000","0","0","ntoskrnl.exe","func@0x140262960","[Unknown]","0x140262960"
"9.99996e-05","0","0","300000","100000","0","kip_sequential_profile.exe","stbi__get8","stb_image.h","0x14001b91d"
"9.99996e-05","0","0","0","0","0","vtss.sys","func@0x27aa0","[Unknown]","0x27aa0"
"9.99996e-05","0","0","0","0","0","nllbidsdriver.sys","func@0x180010f40","[Unknown]","0x180010f40"
"9.99996e-05","0","0","200000","400000","0","cng.sys","func@0x1c0095400","[Unknown]","0x1c0095400"
"9.99996e-05","0","0","0","0","0","ntfs.sys","func@0x1c0003b80","[Unknown]","0x1c0003b80"
"9.99996e-05","0","0","0","0","0","ntfs.sys","func@0x1c0193080","[Unknown]","0x1c0193080"
"9.99996e-05","0","0","0","0","0","nllarpot.sys","func@0x1400176b0","[Unknown]","0x1400176b0"
"9.99996e-05","0","0","0","0","0","ntfs.sys","func@0x1c0006070","[Unknown]","0x1c0006070"
"9.99996e-05","0","0","0","0","0","kernelbase.dll","func@0x180058884","[Unknown]","0x180058884"
"9.99996e-05","0","0","100000","0","0","ntfs.sys","func@0x1c028819b","[Unknown]","0x1c028819b"
"9.99996e-05","0","0","0","0","0","ntfs.sys","func@0x1c01fc240","[Unknown]","0x1c01fc240"
"9.99996e-05","0","0","0","0","0","nllarpot.sys","func@0x140009d80","[Unknown]","0x140009d80"
"9.99996e-05","0","0","0","0","0","fileinfo.sys","[fileinfo.sys]","[Unknown]","0"
"9.99996e-05","0","0","100000","0","0","ntdll.dll","func@0x18012e130","[Unknown]","0x18012e130"
"9.99996e-05","0","0","200000","0","0","symcryptk.dll","func@0x1c0001a00","[Unknown]","0x1c0001a00"
"9.99996e-05","0","0","300000","300000","0","kip_sequential_profile.exe","std::_Default_allocator_traits<std::allocator<Pixel> >::destroy","xmemory","0x1400217e0"
"9.99996e-05","0","0","0","0","0","sepdrv5.sys","func@0x1e424","[Unknown]","0x1e424"
"9.99996e-05","0","0","0","0","0","classpnp.sys","ClassCompleteRequest","[Unknown]","0x1c00073d0"
"9.99996e-05","0","0","0","0","0","fltmgr.sys","func@0x1c0009613","[Unknown]","0x1c0009613"
"9.99996e-05","0","0","100000","200000","0","kip_sequential_profile.exe","std::vector<Pixel,std::allocator<Pixel> >::_Tidy","vector","0x1400217a0"
"9.99996e-05","0","0","0","0","0","fltmgr.sys","FltReleasePushLock","[Unknown]","0x1c0012d60"
"9.99996e-05","","0","100000","400000","0","ntdll.dll","func@0x18000f39a","[Unknown]","0x18000f39a"
"9.99996e-05","0","0","300000","0","0","ntfs.sys","func@0x1c0012db0","[Unknown]","0x1c0012db0"
"9.99996e-05","0","0","0","100000","0","kernelbase.dll","ReadFile","[Unknown]","0x18004d400"
"9.99996e-05","0","0","100000","0","0","ntdll.dll","func@0x1800d3f33","[Unknown]","0x1800d3f33"
"9.99996e-05","0","0","0","0","0","fltmgr.sys","FltAcquirePushLockShared","[Unknown]","0x1c0012a50"
"9.99996e-05","0","0","0","0","0","netwtw10.sys","func@0x1402ae8c0","[Unknown]","0x1402ae8c0"
"9.99996e-05","0","0","0","0","0","netwtw10.sys","func@0x140040f20","[Unknown]","0x140040f20"
"9.99996e-05","0","0","0","0","0","netwtw10.sys","func@0x140306d80","[Unknown]","0x140306d80"
"9.99996e-05","0","0","0","0","0","netwtw10.sys","func@0x140098660","[Unknown]","0x140098660"
"9.99996e-05","0","0","0","0","0","netwtw10.sys","func@0x140307390","[Unknown]","0x140307390"
"9.99996e-05","0","0","0","0","0","fltmgr.sys","FltGetFileSystemType","[Unknown]","0x1c0013a40"
"9.99996e-05","0","0","0","0","0","ntfs.sys","func@0x1c0187890","[Unknown]","0x1c0187890"
"9.99996e-05","0","0","0","0","0","fltmgr.sys","func@0x1c0011246","[Unknown]","0x1c0011246"
"9.99996e-05","0","0","0","0","0","ntdll.dll","func@0x180048ce4","[Unknown]","0x180048ce4"
"9.99996e-05","0","0","0","0","0","kip_sequential_profile.exe","std::vector<unsigned char,std::allocator<unsigned char> >::operator[]","vector","0x14000bada"
"9.99996e-05","0","0","0","0","0","ntdll.dll","func@0x180087f50","[Unknown]","0x180087f50"
"9.99996e-05","0","0","0","0","0","netwtw10.sys","func@0x1403236e0","[Unknown]","0x1403236e0"
"9.99996e-05","0","0","0","0","0","ucrtbase.dll","func@0x18002c300","[Unknown]","0x18002c300"
"9.99996e-05","0","0","0","0","0","fltmgr.sys","func@0x1c000bc10","[Unknown]","0x1c000bc10"
"0","0","0","400000","100000","0","ntoskrnl.exe","func@0x140323140","[Unknown]","0x140323140"
"0","0","0","100000","0","0","ntoskrnl.exe","NtAllocateLocallyUniqueId","[Unknown]","0x140a16ac0"
"0","0","0","100000","200000","0","ntoskrnl.exe","func@0x14026853c","[Unknown]","0x14026853c"
"0","0","0","0","200000","0","igdkmdn64.sys","func@0x14004ad80","[Unknown]","0x14004ad80"
"0","0","0","0","100000","0","igdkmdn64.sys","func@0x140168df0","[Unknown]","0x140168df0"
"0","0","0","100000","0","0","ntoskrnl.exe","func@0x14044a5da","[Unknown]","0x14044a5da"
"0","0","0","100000","0","0","igdkmdn64.sys","func@0x14021ca20","[Unknown]","0x14021ca20"
"0","0","0","100000","0","0","igdkmdn64.sys","func@0x1403279f0","[Unknown]","0x1403279f0"
"0","0","0","0","100000","0","igdkmdn64.sys","func@0x140037e40","[Unknown]","0x140037e40"
"0","0","0","0","100000","0","ntoskrnl.exe","func@0x1403cdc0e","[Unknown]","0x1403cdc0e"
"0","0","0","100000","0","0","igdkmdn64.sys","func@0x140305dc0","[Unknown]","0x140305dc0"
"0","0","0","0","400000","0","ntoskrnl.exe","func@0x1402e5ea0","[Unknown]","0x1402e5ea0"
"0","0","0","100000","0","0","ntoskrnl.exe","func@0x1402a741c","[Unknown]","0x1402a741c"
"0","0","0","100000","0","0","ntoskrnl.exe","func@0x14036e710","[Unknown]","0x14036e710"
"0","0","0","200000","100000","0","ntoskrnl.exe","func@0x140286cc4","[Unknown]","0x140286cc4"
"0","0","0","100000","0","0","igdkmdn64.sys","func@0x1402b2de0","[Unknown]","0x1402b2de0"
"0","0","0","200000","0","0","ntoskrnl.exe","func@0x1402782eb","[Unknown]","0x1402782eb"
"0","0","0","0","100000","0","ntoskrnl.exe","func@0x14047eca0","[Unknown]","0x14047eca0"
"0","","0","200000","100000","0","ntoskrnl.exe","func@0x140257940","[Unknown]","0x140257940"
"0","0","0","0","100000","0","igdkmdn64.sys","func@0x1401473a0","[Unknown]","0x1401473a0"
"0","0","0","0","100000","0","igdkmdn64.sys","func@0x140056020","[Unknown]","0x140056020"
"0","0","0","0","100000","0","ntoskrnl.exe","func@0x14027d6ca","[Unknown]","0x14027d6ca"
"0","0","0","100000","100000","0","igdkmdn64.sys","func@0x140046710","[Unknown]","0x140046710"
"0","0","0","0","100000","0","igdkmdn64.sys","func@0x1400563b0","[Unknown]","0x1400563b0"
"0","0","0","100000","0","0","igdkmdn64.sys","func@0x1400540c0","[Unknown]","0x1400540c0"
"0","0","0","100000","0","0","igdkmdn64.sys","func@0x140223e40","[Unknown]","0x140223e40"
"0","0","0","0","0","0","igdkmdn64.sys","func@0x140196000","[Unknown]","0x140196000"
"0","0","0","100000","0","0","igdkmdn64.sys","func@0x140180050","[Unknown]","0x140180050"
"0","0","0","0","0","0","igdkmdn64.sys","func@0x140389140","[Unknown]","0x140389140"
"0","0","0","500000","500000","0","ntoskrnl.exe","func@0x1404079d4","[Unknown]","0x1404079d4"
"0","0","0","0","100000","0","ntoskrnl.exe","ExAllocatePool2","[Unknown]","0x140b690f0"
"0","0","0","200000","0","0","igdkmdn64.sys","func@0x140328260","[Unknown]","0x140328260"
"0","0","0","200000","0","0","ntoskrnl.exe","func@0x140228690","[Unknown]","0x140228690"
"0","0","0","100000","0","0","ntoskrnl.exe","func@0x14023a0b0","[Unknown]","0x14023a0b0"
"0","0","0","100000","0","0","ntoskrnl.exe","func@0x140295cf8","[Unknown]","0x140295cf8"
"0","0","0","0","100000","0","ntoskrnl.exe","func@0x140304c94","[Unknown]","0x140304c94"
"0","0","0","500000","400000","0","ntoskrnl.exe","func@0x140239250","[Unknown]","0x140239250"
"0","0","0","0","100000","0","ntoskrnl.exe","func@0x1402a06a4","[Unknown]","0x1402a06a4"
"0","0","0","100000","0","0","ntoskrnl.exe","func@0x14042826a","[Unknown]","0x14042826a"
"0","0","0","200000","400000","0","ntoskrnl.exe","func@0x14027d510","[Unknown]","0x14027d510"
"0","0","0","100000","0","0","ntoskrnl.exe","ExAcquireResourceSharedLite","[Unknown]","0x14031cf30"
"0","0","0","100000","0","0","ntoskrnl.exe","func@0x14025a5ff","[Unknown]","0x14025a5ff"
"0","0","0","200000","100000","0","ntoskrnl.exe","func@0x1403723a4","[Unknown]","0x1403723a4"
"0","0","0","0","100000","0","ntoskrnl.exe","func@0x140268fc0","[Unknown]","0x140268fc0"
"0","0","0","0","100000","0","ntoskrnl.exe","SeAccessCheckWithHint","[Unknown]","0x14037e020"
"0","0","0","100000","0","0","ntoskrnl.exe","func@0x14037f040","[Unknown]","0x14037f040"
"0","0","0","200000","0","0","ntoskrnl.exe","func@0x14023f66d","[Unknown]","0x14023f66d"
"0","0","0","300000","100000","0","ntoskrnl.exe","func@0x140260dd0","[Unknown]","0x140260dd0"
"0","0","0","800000","400000","0","ntoskrnl.exe","ExAcquireAutoExpandPushLockShared","[Unknown]","0x1403229f0"
"0","0","0","100000","0","0","ntoskrnl.exe","func@0x14023a900","[Unknown]","0x14023a900"
"0","0","0","0","100000","0","ntoskrnl.exe","func@0x1402e168d","[Unknown]","0x1402e168d"
"0","0","0","100000","100000","0","ntoskrnl.exe","func@0x140928d79","[Unknown]","0x140928d79"
"0","0","0","0","100000","0","ntoskrnl.exe","func@0x1408af3d0","[Unknown]","0x1408af3d0"
"0","0","0","200000","0","0","ntoskrnl.exe","func@0x140219dd2","[Unknown]","0x140219dd2"
"0","0","0","400000","0","0","ntoskrnl.exe","func@0x14026cd40","[Unknown]","0x14026cd40"
"0","0","0","200000","0","0","ntoskrnl.exe","func@0x14029a050","[Unknown]","0x14029a050"
"0","0","0","100000","0","0","ntfs.sys","func@0x1c0017f30","[Unknown]","0x1c0017f30"
"0","0","0","200000","200000","0","ntoskrnl.exe","func@0x1403cdf2a","[Unknown]","0x1403cdf2a"
"0","0","0","100000","0","0","ntfs.sys","func@0x1c0015050","[Unknown]","0x1c0015050"
"0","0","0","100000","0","0","ntfs.sys","func@0x1c0153d30","[Unknown]","0x1c0153d30"
"0","0","0","0","0","0","ntoskrnl.exe","func@0x140360cd0","[Unknown]","0x140360cd0"
"0","0","0","100000","100000","0","ntoskrnl.exe","func@0x1403954d0","[Unknown]","0x1403954d0"
"0","0","0","100000","0","0","ntfs.sys","func@0x1c0033b90","[Unknown]","0x1c0033b90"
"0","0","0","100000","0","0","kip_sequential_profile.exe","std::vector<std::vector<Pixel,std::allocator<Pixel> >,std::allocator<std::vector<Pixel,std::allocator<Pixel> > > >::~vector","vector","0x14000bb95"
"0","0","0","0","200000","0","kip_sequential_profile.exe","operator delete(void *,unsigned __int64)","delete_scalar_size.cpp","0x140023f24"
"0","0","0","100000","0","0","ntoskrnl.exe","func@0x140257cc0","[Unknown]","0x140257cc0"
"0","0","0","100000","0","0","ntoskrnl.exe","func@0x140273b00","[Unknown]","0x140273b00"
"0","0","0","100000","0","0","ntfs.sys","func@0x1c0035e80","[Unknown]","0x1c0035e80"
"0","0","0","100000","0","0","ntfs.sys","func@0x1c018e2d0","[Unknown]","0x1c018e2d0"
"0","0","0","100000","0","0","netwtw10.sys","func@0x1401413c0","[Unknown]","0x1401413c0"
"0","0","0","100000","0","0","ntfs.sys","func@0x1c000648f","[Unknown]","0x1c000648f"
"0","0","0","100000","0","0","ntoskrnl.exe","func@0x140203d10","[Unknown]","0x140203d10"
"0","0","0","600000","200000","0","ntoskrnl.exe","KeAcquireSpinLockRaiseToDpc","[Unknown]","0x140302020"
"0","0","0","100000","0","0","ntoskrnl.exe","func@0x140238013","[Unknown]","0x140238013"
"0","0","0","100000","0","0","netwtw10.sys","[netwtw10.sys]","[Unknown]","0"
"0","0","0","0","100000","0","ntoskrnl.exe","func@0x1404881ac","[Unknown]","0x1404881ac"
"0","0","0","100000","0","0","ntoskrnl.exe","func@0x1402b28f8","[Unknown]","0x1402b28f8"
"0","0","0","100000","0","0","ntdll.dll","NtWriteFile","[Unknown]","0x180161ec0"
"0","0","0","100000","0","0","ntoskrnl.exe","func@0x140323a10","[Unknown]","0x140323a10"
"0","0","0","100000","100000","0","ntdll.dll","func@0x180168340","[Unknown]","0x180168340"
"0","0","0","100000","0","0","ntoskrnl.exe","NtWriteFile","[Unknown]","0x1408eb0c0"
"0","0","0","100000","100000","0","ntoskrnl.exe","func@0x140307bc0","[Unknown]","0x140307bc0"
"0","0","0","100000","100000","0","ntoskrnl.exe","KeInsertQueueApc","[Unknown]","0x140353180"
"0","0","0","0","0","0","netwtw10.sys","func@0x1401a3a40","[Unknown]","0x1401a3a40"
"0","0","0","0","100000","0","ntoskrnl.exe","func@0x140228000","[Unknown]","0x140228000"
"0","0","0","0","100000","0","ntfs.sys","func@0x1c0192680","[Unknown]","0x1c0192680"
"0","0","0","0","100000","0","ntfs.sys","func@0x1c018a090","[Unknown]","0x1c018a090"
"0","0","0","100000","0","0","ntdll.dll","RtlImageNtHeaderEx","[Unknown]","0x180055b00"
"0","0","0","200000","0","0","ntoskrnl.exe","func@0x1402c1dd0","[Unknown]","0x1402c1dd0"
"0","0","0","200000","300000","0","ntdll.dll","func@0x1800da6eb","[Unknown]","0x1800da6eb"
"0","0","0","100000","100000","0","ntoskrnl.exe","func@0x1404f74c4","[Unknown]","0x1404f74c4"
"0","0","0","100000","0","0","ntdll.dll","RtlAnsiStringToUnicodeString","[Unknown]","0x18000a150"
"0","0","0","100000","0","0","ntoskrnl.exe","func@0x14039aba4","[Unknown]","0x14039aba4"
"0","0","0","0","0","50020","ntoskrnl.exe","func@0x1402c2e30","[Unknown]","0x1402c2e30"
"0","0","0","0","100000","0","ntdll.dll","RtlInitializeCriticalSectionEx","[Unknown]","0x18003a960"
"0","0","0","100000","0","0","ntoskrnl.exe","func@0x14024a7c0","[Unknown]","0x14024a7c0"
"0","0","0","100000","200000","0","ntfs.sys","func@0x1c0057340","[Unknown]","0x1c0057340"
"0","0","0","100000","0","0","ntdll.dll","func@0x180054940","[Unknown]","0x180054940"
"0","0","0","100000","100000","0","ntoskrnl.exe","KfRaiseIrql","[Unknown]","0x1404159e0"
"0","0","0","100000","100000","0","ntoskrnl.exe","func@0x1403ced64","[Unknown]","0x1403ced64"
"0","0","0","100000","0","0","ntdll.dll","RtlReleaseSRWLockShared","[Unknown]","0x18000d470"
"0","0","0","100000","100000","0","ntdll.dll","func@0x1800d3ec0","[Unknown]","0x1800d3ec0"
"0","0","0","0","0","0","ntoskrnl.exe","func@0x1402578e0","[Unknown]","0x1402578e0"
"0","0","0","0","200000","0","ntdll.dll","RtlAnsiCharToUnicodeChar","[Unknown]","0x1800da5e0"
"0","0","0","100000","100000","0","ntdll.dll","strlen","[Unknown]","0x180167e20"
"0","0","0","100000","0","0","ntoskrnl.exe","func@0x140228890","[Unknown]","0x140228890"
"0","0","0","400000","0","0","ntoskrnl.exe","func@0x14045bf90","[Unknown]","0x14045bf90"
"0","0","0","200000","0","0","ntoskrnl.exe","func@0x140311f3c","[Unknown]","0x140311f3c"
"0","0","0","100000","0","0","ntdll.dll","func@0x1800298d6","[Unknown]","0x1800298d6"
"0","0","0","100000","0","0","ntoskrnl.exe","func@0x1403a4e10","[Unknown]","0x1403a4e10"
"0","0","0","0","100000","0","ntoskrnl.exe","func@0x1404954fc","[Unknown]","0x1404954fc"
"0","0","0","100000","0","0","dxgmms2.sys","func@0x1c0007ab8","[Unknown]","0x1c0007ab8"
"0","0","0","200000","100000","0","ntoskrnl.exe","func@0x1402581f0","[Unknown]","0x1402581f0"
"0","0","0","0","100000","0","ntoskrnl.exe","func@0x14043b484","[Unknown]","0x14043b484"
"0","0","0","100000","100000","0","nllbidsdriver.sys","func@0x180028158","[Unknown]","0x180028158"
"0","0","0","100000","0","0","nllbidsdriver.sys","func@0x18002f3e4","[Unknown]","0x18002f3e4"
"0","0","0","0","100000","0","fileinfo.sys","func@0x1c00037e0","[Unknown]","0x1c00037e0"
"0","0","0","100000","0","0","fileinfo.sys","func@0x1c0013500","[Unknown]","0x1c0013500"
"0","0","0","100000","0","0","ntoskrnl.exe","func@0x14022052d","[Unknown]","0x14022052d"
"0","0","0","400000","100000","0","ntdll.dll","func@0x180015da0","[Unknown]","0x180015da0"
"0","0","0","0","1100000","0","ntoskrnl.exe","func@0x1403cdb30","[Unknown]","0x1403cdb30"
"0","0","0","100000","0","0","ntoskrnl.exe","func@0x140509078","[Unknown]","0x140509078"
"0","0","0","100000","0","0","nllmonflt.sys","func@0x140012c24","[Unknown]","0x140012c24"
"0","0","0","100000","0","0","ntoskrnl.exe","func@0x1402c5acc","[Unknown]","0x1402c5acc"
"0","0","0","0","100000","0","ntoskrnl.exe","func@0x1402b3a10","[Unknown]","0x1402b3a10"
"0","0","0","0","100000","0","ntoskrnl.exe","func@0x140242f60","[Unknown]","0x140242f60"
"0","0","0","100000","0","0","ucrtbase.dll","func@0x180070dc0","[Unknown]","0x180070dc0"
"0","0","0","400000","100000","0","ntdll.dll","func@0x180015f85","[Unknown]","0x180015f85"
"0","0","0","100000","0","0","ntoskrnl.exe","func@0x1402197db","[Unknown]","0x1402197db"
"0","0","0","200000","0","0","fltmgr.sys","func@0x1c000a2d0","[Unknown]","0x1c000a2d0"
"0","0","0","100000","0","0","ntoskrnl.exe","func@0x1402628a1","[Unknown]","0x1402628a1"
"0","0","0","200000","0","0","ntoskrnl.exe","func@0x140287120","[Unknown]","0x140287120"
"0","0","0","100000","100000","0","ntoskrnl.exe","KeAcquireInStackQueuedSpinLockAtDpcLevel","[Unknown]","0x140256210"
"0","0","0","100000","100000","0","kernelbase.dll","func@0x180009c40","[Unknown]","0x180009c40"
"0","0","0","0","100000","0","kip_sequential_profile.exe","std::vector<std::vector<Pixel,std::allocator<Pixel> >,std::allocator<std::vector<Pixel,std::allocator<Pixel> > > >::~vector","vector","0x1400231f2"
"0","0","0","200000","100000","0","kip_sequential_profile.exe","stbi__jpeg_get_bit","stb_image.h","0x14001bd95"
"0","0","0","0","100000","0","fltmgr.sys","FltRemoveOpenReparseEntry","[Unknown]","0x1c00653f0"
"0","0","0","0","100000","0","kip_sequential_profile.exe","std::vector<Pixel,std::allocator<Pixel> >::_Buy_nonzero","vector","0x140021593"
"0","1","0","0","200000","0","ntoskrnl.exe","func@0x1403b3990","[Unknown]","0x1403b3990"
"0","0","0","0","100000","0","ntoskrnl.exe","func@0x1402c5e30","[Unknown]","0x1402c5e30"
"0","0","0","100000","0","0","ntoskrnl.exe","func@0x140289d7c","[Unknown]","0x140289d7c"
"0","0","0","100000","0","0","ntoskrnl.exe","func@0x140302001","[Unknown]","0x140302001"
"0","0","0","200000","0","0","ucrtbase.dll","func@0x180038b30","[Unknown]","0x180038b30"
"0","0","0","0","200000","0","kip_sequential_profile.exe","std::_Allocate_manually_vector_aligned<struct std::_Default_allocate_traits>(unsigned __int64)","xmemory","0x140002810"
"0","0","0","200000","0","0","kernelbase.dll","GetStringTypeW","[Unknown]","0x180080540"
"0","0","0","100000","0","0","storport.sys","func@0x1c00221b0","[Unknown]","0x1c00221b0"
"0","0","0","100000","0","0","condrv.sys","func@0x1c000bbd0","[Unknown]","0x1c000bbd0"
"0","0","0","100000","0","0","fltmgr.sys","func@0x1c000bc70","[Unknown]","0x1c000bc70"
"0","0","0","0","100000","0","ntoskrnl.exe","func@0x14043ada0","[Unknown]","0x14043ada0"
"0","0","0","200000","0","0","ntfs.sys","func@0x1c014b400","[Unknown]","0x1c014b400"
"0","0","0","0","100000","0","ntoskrnl.exe","func@0x1402c5a20","[Unknown]","0x1402c5a20"
"0","0","0","100000","0","0","ntoskrnl.exe","func@0x14032f4a2","[Unknown]","0x14032f4a2"
"0","0","0","0","200000","0","fltmgr.sys","func@0x1c001bd70","[Unknown]","0x1c001bd70"
"0","0","0","100000","0","0","fltmgr.sys","func@0x1c005e860","[Unknown]","0x1c005e860"
"0","0","0","0","0","0","dxgmms2.sys","func@0x1c0005cc7","[Unknown]","0x1c0005cc7"
"0","0","0","0","0","0","iastorvd.sys","func@0x1400e5620","[Unknown]","0x1400e5620"
"0","0","0","100000","0","0","nllmonflt.sys","func@0x14001a780","[Unknown]","0x14001a780"
"0","0","0","0","100000","0","dxgkrnl.sys","func@0x1c00330d0","[Unknown]","0x1c00330d0"
"0","0","0","100000","0","0","ntoskrnl.exe","func@0x1406ade50","[Unknown]","0x1406ade50"
"0","0","0","0","100000","0","fltmgr.sys","func@0x1c000225a","[Unknown]","0x1c000225a"
"0","0","0","0","100000","0","ntfs.sys","func@0x1c0057880","[Unknown]","0x1c0057880"
"0","0","0","200000","200000","0","ntoskrnl.exe","func@0x1402fcf80","[Unknown]","0x1402fcf80"
"0","0","0","100000","0","0","kip_sequential_profile.exe","std::vector<Pixel,std::allocator<Pixel> >::_Buy_raw","vector","0x140021af3"
"0","0","0","100000","0","0","ntoskrnl.exe","func@0x1403ff9b0","[Unknown]","0x1403ff9b0"
"0","0","0","200000","0","0","ucrtbase.dll","func@0x1800365d0","[Unknown]","0x1800365d0"
"0","0","0","200000","400000","0","ucrtbase.dll","malloc_base","[Unknown]","0x180010100"
"0","0","0","0","200000","0","ntoskrnl.exe","func@0x1402c60b0","[Unknown]","0x1402c60b0"
"0","0","0","100000","0","0","ntoskrnl.exe","func@0x1402c65f0","[Unknown]","0x1402c65f0"
"0","0","0","100000","100000","0","ntoskrnl.exe","func@0x1404f74fc","[Unknown]","0x1404f74fc"
"0","1","0","0","0","0","ntoskrnl.exe","func@0x14032e9c5","[Unknown]","0x14032e9c5"
"0","0","0","100000","0","0","dxgkrnl.sys","func@0x1c0031f40","[Unknown]","0x1c0031f40"
"0","0","0","100000","0","0","ntoskrnl.exe","func@0x14043b5a1","[Unknown]","0x14043b5a1"
"0","0","0","0","100000","0","fltmgr.sys","func@0x1c000fb20","[Unknown]","0x1c000fb20"
"0","0","0","100000","0","0","ntoskrnl.exe","func@0x140262860","[Unknown]","0x140262860"
"0","0","0","0","200000","0","ntoskrnl.exe","KeLowerIrql","[Unknown]","0x140411b60"
"0","0","0","100000","0","0","fltmgr.sys","func@0x1c0009470","[Unknown]","0x1c0009470"
"0","0","0","0","100000","0","ntoskrnl.exe","func@0x1404953b4","[Unknown]","0x1404953b4"
"0","0","0","0","100000","0","ntoskrnl.exe","func@0x1403ceb03","[Unknown]","0x1403ceb03"
"0","0","0","200000","400000","0","ntoskrnl.exe","func@0x1403d0c50","[Unknown]","0x1403d0c50"
"0","0","0","0","0","0","dxgkrnl.sys","func@0x1c0016220","[Unknown]","0x1c0016220"
"0","0","0","0","500000","0","ntfs.sys","func@0x1c0148b60","[Unknown]","0x1c0148b60"
"0","0","0","100000","0","0","ucrtbase.dll","func@0x180009800","[Unknown]","0x180009800"
"0","0","0","100000","100000","0","fltmgr.sys","FltDoCompletionProcessingWhenSafe","[Unknown]","0x1c00065b0"
"0","0","0","100000","0","0","ntoskrnl.exe","func@0x1404029a4","[Unknown]","0x1404029a4"
"0","0","0","100000","0","0","ucrtbase.dll","func@0x180013230","[Unknown]","0x180013230"
"0","0","0","100000","0","0","fltmgr.sys","func@0x1c000b724","[Unknown]","0x1c000b724"
"0","0","0","100000","0","0","dxgmms2.sys","func@0x1c0029990","[Unknown]","0x1c0029990"
"0","","0","0","100000","0","ntoskrnl.exe","func@0x1403129d0","[Unknown]","0x1403129d0"
"0","0","0","100000","100000","0","ntoskrnl.exe","func@0x1403cd430","[Unknown]","0x1403cd430"
"0","0","0","200000","100000","0","ntoskrnl.exe","func@0x14043b4aa","[Unknown]","0x14043b4aa"
"0","0","0","0","100000","0","iastorvd.sys","func@0x14002b1f0","[Unknown]","0x14002b1f0"
"0","0","0","100000","100000","0","ntoskrnl.exe","func@0x140486f50","[Unknown]","0x140486f50"
"0","0","0","0","100000","0","ntoskrnl.exe","func@0x14027ee20","[Unknown]","0x14027ee20"
"0","0","0","100000","0","0","ntoskrnl.exe","func@0x1403cd7e8","[Unknown]","0x1403cd7e8"
"0","0","0","100000","0","0","kernelbase.dll","WriteFile","[Unknown]","0x18009db10"
"0","0","0","0","100000","0","ntoskrnl.exe","func@0x14032e570","[Unknown]","0x14032e570"
"0","0","0","100000","0","0","intelppm.sys","func@0x1c0001eda","[Unknown]","0x1c0001eda"
"0","0","0","200000","100000","0","intelppm.sys","func@0x1c0002cb0","[Unknown]","0x1c0002cb0"
"0","0","0","0","100000","0","ntoskrnl.exe","func@0x140287190","[Unknown]","0x140287190"
"0","0","0","100000","0","0","ntoskrnl.exe","func@0x1402c4d3a","[Unknown]","0x1402c4d3a"
"0","0","0","0","100000","0","ntoskrnl.exe","func@0x1402c4b02","[Unknown]","0x1402c4b02"
"0","0","0","0","100000","0","ntoskrnl.exe","func@0x140304830","[Unknown]","0x140304830"
"0","0","0","0","100000","0","ntoskrnl.exe","func@0x140313fe0","[Unknown]","0x140313fe0"
"0","0","0","100000","0","0","ntdll.dll","func@0x18000f8c0","[Unknown]","0x18000f8c0"
"0","0","0","100000","0","0","nllmonflt.sys","func@0x140018910","[Unknown]","0x140018910"
"0","0","0","100000","0","0","nllsp.sys","func@0x140016043","[Unknown]","0x140016043"
"0","0","0","100000","0","0","ntoskrnl.exe","func@0x14027f028","[Unknown]","0x14027f028"
"0","0","0","0","200000","0","ntoskrnl.exe","func@0x1402c5c10","[Unknown]","0x1402c5c10"
"0","0","0","100000","100000","0","ntoskrnl.exe","func@0x1403662c4","[Unknown]","0x1403662c4"
"0","0","0","100000","0","0","ntoskrnl.exe","func@0x140367430","[Unknown]","0x140367430"
"0","0","0","200000","200000","0","ntoskrnl.exe","RtlRbInsertNodeEx","[Unknown]","0x1402fee20"
"0","0","0","0","100000","0","ntoskrnl.exe","func@0x140330130","[Unknown]","0x140330130"
"0","0","0","0","100000","0","kip_sequential_profile.exe","std::_Vector_val<std::_Simple_types<Pixel> >::_Vector_val","vector","0x140021576"
"0","0","0","100000","0","0","fltmgr.sys","func@0x1c0003480","[Unknown]","0x1c0003480"
"0","0","0","0","100000","0","ntoskrnl.exe","func@0x14021c820","[Unknown]","0x14021c820"
"0","0","0","0","100000","0","ntoskrnl.exe","FsRtlReleaseHeaderMutex","[Unknown]","0x140225f60"
"0","0","0","0","100000","0","ntoskrnl.exe","func@0x140301160","[Unknown]","0x140301160"
"0","0","0","100000","100000","0","kip_sequential_profile.exe","std::_Uninitialized_copy","xmemory","0x140021a84"
"0","0","0","100000","0","0","fltmgr.sys","func@0x1c0007820","[Unknown]","0x1c0007820"
"0","0","0","500000","400000","0","kip_sequential_profile.exe","std::vector<Pixel,std::allocator<Pixel> >::_Construct_n","vector","0x140021ab0"
"0","0","0","100000","100000","0","ntoskrnl.exe","ExReleasePushLockEx","[Unknown]","0x140258a20"
"0","0","0","800000","200000","0","ntoskrnl.exe","KeRemoveProcessorAffinityEx","[Unknown]","0x1403f2a40"
"0","0","0","100000","0","0","kernelbase.dll","FlsGetValue","[Unknown]","0x18009dd10"
"0","0","0","100000","0","0","ntoskrnl.exe","func@0x1403bbb00","[Unknown]","0x1403bbb00"
"0","0","0","0","100000","0","ntoskrnl.exe","NtFreeVirtualMemory","[Unknown]","0x140976090"
"0","","0","0","200000","0","ntoskrnl.exe","KeRcuReadLock","[Unknown]","0x14020a060"
"0","0","0","200000","100000","0","ntoskrnl.exe","func@0x140347ad0","[Unknown]","0x140347ad0"
"0","0","0","300000","0","0","ntoskrnl.exe","func@0x1402dc020","[Unknown]","0x1402dc020"
"0","0","0","100000","100000","0","ntoskrnl.exe","func@0x14030b800","[Unknown]","0x14030b800"
"0","0","0","0","100000","0","ntoskrnl.exe","func@0x1402979e0","[Unknown]","0x1402979e0"
"0","0","0","100000","0","0","sepdrv5.sys","func@0x26540","[Unknown]","0x26540"
"0","0","0","100000","100000","0","ntoskrnl.exe","FsRtlReleaseEofLock","[Unknown]","0x140414c60"
"0","0","0","0","400000","0","ntfs.sys","func@0x1c000df00","[Unknown]","0x1c000df00"
"0","0","0","100000","0","0","ntoskrnl.exe","func@0x1409d65d0","[Unknown]","0x1409d65d0"
"0","0","0","0","100000","0","bindflt.sys","func@0x1c00073b0","[Unknown]","0x1c00073b0"
"0","0","0","300000","0","0","ntoskrnl.exe","CcCanIWrite","[Unknown]","0x14020a2e0"
"0","0","0","300000","0","0","ntoskrnl.exe","func@0x1402502ad","[Unknown]","0x1402502ad"
"0","0","0","0","100000","0","ntoskrnl.exe","KeRcuReadUnlock","[Unknown]","0x140209f00"
"0","0","0","100000","100000","0","ntoskrnl.exe","func@0x140328120","[Unknown]","0x140328120"
"0","0","0","200000","100000","0","ntoskrnl.exe","func@0x1402defc9","[Unknown]","0x1402defc9"
"0","0","0","100000","100000","0","fltmgr.sys","func@0x1c000f970","[Unknown]","0x1c000f970"
"0","0","0","100000","0","0","ntoskrnl.exe","func@0x140274180","[Unknown]","0x140274180"
"0","0","0","0","200000","0","cng.sys","func@0x1c0095210","[Unknown]","0x1c0095210"
"0","0","0","0","100000","0","ntoskrnl.exe","func@0x1402378d0","[Unknown]","0x1402378d0"
"0","0","0","300000","100000","0","ntoskrnl.exe","func@0x1402dee50","[Unknown]","0x1402dee50"
"0","0","0","200000","0","0","kip_sequential_profile.exe","std::_Uninitialized_backout_al<std::allocator<std::vector<Pixel,std::allocator<Pixel> > > >::_Emplace_back","xmemory","0x140021560"
"0","0","0","100000","100000","0","ntoskrnl.exe","ExAcquirePushLockExclusiveEx","[Unknown]","0x140322b10"
"0","0","0","0","100000","0","ntoskrnl.exe","CcPinRead","[Unknown]","0x1409e1af0"
"0","0","0","100000","100000","0","cng.sys","func@0x1c000dff0","[Unknown]","0x1c000dff0"
"0","0","0","0","100000","0","cng.sys","func@0x1c004e470","[Unknown]","0x1c004e470"
"0","0","0","100000","100000","0","fltmgr.sys","func@0x1c0055600","[Unknown]","0x1c0055600"
"0","0","0","100000","100000","0","ntoskrnl.exe","ExAcquirePushLockSharedEx","[Unknown]","0x140323540"
"0","0","0","0","200000","0","ntoskrnl.exe","func@0x1402ae452","[Unknown]","0x1402ae452"
"0","0","0","200000","400000","0","ntdll.dll","func@0x18000a4d0","[Unknown]","0x18000a4d0"
"0","0","0","0","100000","0","ntoskrnl.exe","func@0x140231e91","[Unknown]","0x140231e91"
"0","0","0","100000","0","0","ntoskrnl.exe","func@0x1402dcb13","[Unknown]","0x1402dcb13"
"0","0","0","100000","0","0","dxgmms2.sys","func@0x1c0008f44","[Unknown]","0x1c0008f44"
"0","0","0","100000","0","0","ntoskrnl.exe","func@0x1402e1fab","[Unknown]","0x1402e1fab"
"0","0","","100000","0","0","wdf01000.sys","func@0x1c002606d","[Unknown]","0x1c002606d"
"0","0","0","100000","0","0","ntoskrnl.exe","func@0x140368890","[Unknown]","0x140368890"
"0","0","0","100000","0","0","ntdll.dll","func@0x180057a70","[Unknown]","0x180057a70"
"0","0","0","100000","0","0","cldflt.sys","func@0x1c0049930","[Unknown]","0x1c0049930"
"0","0","0","100000","0","0","ntoskrnl.exe","func@0x14044a6d4","[Unknown]","0x14044a6d4"
"0","0","0","100000","0","0","cldflt.sys","func@0x1c0003f10","[Unknown]","0x1c0003f10"
"0","0","0","0","100000","0","ntoskrnl.exe","func@0x1402cf9c7","[Unknown]","0x1402cf9c7"
