"Function / Call Stack","CPU Time","Instructions Retired","Microarchitecture Usage","Module","Function (Full)","Source File","Start Address"
"ImageProcessing::convolution","21.6893","255989774694","","kip_sequential_profile.exe","ImageProcessing::convolution(class Image const &,class Kernel const &)","ImageProcessing.cpp","0x1400220e0"
"main","4.17436","4483930883","","kip_sequential_profile.exe","main","profile.cpp","0x140001000"
"Pixel::getR","2.69232","38076928650","","kip_sequential_profile.exe","Pixel::getR(void)","Pixel.cpp","0x140023ec0"
"Pixel::~Pixel","2.54145","35938040731","","kip_sequential_profile.exe","Pixel::~Pixel(void)","Pixel.cpp","0x140023eb0"
"Pixel::getG","2.52147","34204759930","","kip_sequential_profile.exe","Pixel::getG(void)","Pixel.cpp","0x140023ed0"
"Pixel::getB","2.45519","34363616562","","kip_sequential_profile.exe","Pixel::getB(void)","Pixel.cpp","0x140023ee0"
"func@0x1406acbf0","1.88348","3360948135","","ntoskrnl.exe","func@0x1406acbf0","[Unknown]","0x1406acbf0"
"func@0x140229e70","0.422754","751437826","","ntoskrnl.exe","func@0x140229e70","[Unknown]","0x140229e70"
"stbiw__jpg_processDU","0.393876","2113906767","","kip_sequential_profile.exe","stbiw__jpg_processDU(struct stbi__write_context *, int *, int *, float *, int, float *, int, unsigned short[2] *, unsigned short[2] *)","stb_image_write.h","0x14001ff50"
"fwrite","0.308677","2967384490","","ucrtbase.dll","fwrite","[Unknown]","0x180035f90"
"stbi__jpeg_decode_block_prog_ac","0.216771","1105952338","","kip_sequential_profile.exe","stbi__jpeg_decode_block_prog_ac(struct stbi__jpeg *, short *, struct stbi__huffman *, short *)","stb_image.h","0x14001bce0"
"getChannelAsUint8","0.131114","1487614718","","kip_sequential_profile.exe","getChannelAsUint8(float)","ImageProcessing.cpp","0x1400220c0"
"STBImageReader::loadRGBImage","0.106731","476734732","","kip_sequential_profile.exe","STBImageReader::loadRGBImage(class std::filesystem::path const &)","STBImageReader.cpp","0x14000b3d0"
"KeGetCurrentProcessorNumberEx","0.103138","184282699","","ntoskrnl.exe","KeGetCurrentProcessorNumberEx","[Unknown]","0x140414300"
"malloc_base","0.0993135","523572531","","ucrtbase.dll","malloc_base","[Unknown]","0x180010100"
"std::vector<Pixel,std::allocator<Pixel> >::operator[]","0.0836216","1267996517","","kip_sequential_profile.exe","std::vector<Pixel,std::allocator<Pixel> >::operator[]","vector","0x1400222e6"
"stbiw__jpg_DCT","0.0816044","1282344264","","kip_sequential_profile.exe","stbiw__jpg_DCT(float *, float *, float *, float *, float *, float *, float *, float *)","stb_image_write.h","0x140020c70"
"std::vector<std::vector<Pixel,std::allocator<Pixel> >,std::allocator<std::vector<Pixel,std::allocator<Pixel> > > >::_Construct_n<std::vector<Pixel,std::allocator<Pixel> > *const &,std::vector<Pixel,std::allocator<Pixel> > *const &>","0.0810321","995718943","","kip_sequential_profile.exe","std::vector<std::vector<Pixel,std::allocator<Pixel> >,std::allocator<std::vector<Pixel,std::allocator<Pixel> > > >::_Construct_n<std::vector<Pixel,std::allocator<Pixel> > *const &,std::vector<Pixel,std::allocator<Pixel> > *const &>(const unsigned __int64, class std::vector<Pixel,std::allocator<Pixel> > * & const, class std::vector<Pixel,std::allocator<Pixel> > * & const)","vector","0x140021a00"
"stbi_write_jpg_core","0.0774881","529872611","","kip_sequential_profile.exe","stbi_write_jpg_core(struct stbi__write_context *, int, int, int, const void *, int)","stb_image_write.h","0x140009520"
"PsGetCurrentThreadId","0.0686581","124450236","","ntoskrnl.exe","PsGetCurrentThreadId","[Unknown]","0x1404501d0"
"stbiw__jpg_writeBits","0.0605587","501257817","","kip_sequential_profile.exe","stbiw__jpg_writeBits(struct stbi__write_context *, int *, int *, const unsigned short *)","stb_image_write.h","0x140020be0"
"_chkstk","0.055383","89631925","","ntoskrnl.exe","_chkstk","[Unknown]","0x1406ae670"
"stbi__YCbCr_to_RGB_simd","0.0548647","1003161511","","kip_sequential_profile.exe","stbi__YCbCr_to_RGB_simd(unsigned char *, const unsigned char *, const unsigned char *, const unsigned char *, int, int)","stb_image.h","0x140017cb0"
"stbi__jpeg_huff_decode","0.0481078","174455847","","kip_sequential_profile.exe","stbi__jpeg_huff_decode","stb_image.h","0x14001be55"
"PsGetCurrentProcessId","0.0478988","84743487","","ntoskrnl.exe","PsGetCurrentProcessId","[Unknown]","0x140449180"
"func@0x140227840","0.0408277","0","","ntoskrnl.exe","func@0x140227840","[Unknown]","0x140227840"
"stbi__parse_entropy_coded_data","0.0346356","103647173","","kip_sequential_profile.exe","stbi__parse_entropy_coded_data(struct stbi__jpeg *)","stb_image.h","0x14001a9c0"
"stbi__jpeg_get_bit","0.0323398","91533152","","kip_sequential_profile.exe","stbi__jpeg_get_bit","stb_image.h","0x14001c085"
"std::vector<std::vector<Pixel,std::allocator<Pixel> >,std::allocator<std::vector<Pixel,std::allocator<Pixel> > > >::operator[]","0.0272715","190802688","","kip_sequential_profile.exe","std::vector<std::vector<Pixel,std::allocator<Pixel> >,std::allocator<std::vector<Pixel,std::allocator<Pixel> > > >::operator[]","vector","0x1400223d8"
"STBImageReader::saveJPGImage","0.0270014","366760913","","kip_sequential_profile.exe","STBImageReader::saveJPGImage(class Image const &,class std::filesystem::path const &)","STBImageReader.cpp","0x14000b9a0"
"stbi__grow_buffer_unsafe","0.0262123","110612847","","kip_sequential_profile.exe","stbi__grow_buffer_unsafe(struct stbi__jpeg *)","stb_image.h","0x14001b870"
"std::vector<Pixel,std::allocator<Pixel> >::~vector","0.0261361","218202174","","kip_sequential_profile.exe","std::vector<Pixel,std::allocator<Pixel> >::~vector","vector","0x14002220c"
"std::vector<Pixel,std::allocator<Pixel> >::~vector","0.0260618","227500373","","kip_sequential_profile.exe","std::vector<Pixel,std::allocator<Pixel> >::~vector","vector","0x14000b52d"
"std::vector<Pixel,std::allocator<Pixel> >::~vector","0.0249159","226546214","","kip_sequential_profile.exe","std::vector<Pixel,std::allocator<Pixel> >::~vector","vector","0x140022bf1"
"std::filesystem::path::~path","0.0227949","14492064","","kip_sequential_profile.exe","std::filesystem::path::~path","filesystem","0x14000114f"
"Pixel::Pixel","0.0191018","110256307","","kip_sequential_profile.exe","Pixel::Pixel(unsigned char,unsigned char,unsigned char)","Pixel.cpp","0x140023ea0"
"stbi__idct_simd","0.0188439","227054280","","kip_sequential_profile.exe","stbi__idct_simd(unsigned char *, int, short *)","stb_image.h","0x140017490"
"stbiw__jpg_calcBits","0.0188192","138398757","","kip_sequential_profile.exe","stbiw__jpg_calcBits(int, unsigned short *)","stb_image_write.h","0x140020de0"
"func@0x1406b47ae","0.0182203","91472426","","ntoskrnl.exe","func@0x1406b47ae","[Unknown]","0x1406b47ae"
"std::filesystem::path::~path","0.0173703","25589882","","kip_sequential_profile.exe","std::filesystem::path::~path","filesystem","0x140001615"
"std::vector<unsigned char,std::allocator<unsigned char> >::vector","0.0149658","19440481","","kip_sequential_profile.exe","std::vector<unsigned char,std::allocator<unsigned char> >::vector","vector","0x14000b9e8"
"load_jpeg_image","0.0144122","12245322","","kip_sequential_profile.exe","load_jpeg_image(struct stbi__jpeg *, int *, int *, int *, int)","stb_image.h","0x140019650"
"func@0x140227afb","0.0139844","0","","ntoskrnl.exe","func@0x140227afb","[Unknown]","0x140227afb"
"func@0x14028ede3","0.0135654","31225144","","ntoskrnl.exe","func@0x14028ede3","[Unknown]","0x14028ede3"
"func@0x1406a9da3","0.0133716","0","","ntoskrnl.exe","func@0x1406a9da3","[Unknown]","0x1406a9da3"
"stbiw__putc","0.0128964","109238968","","kip_sequential_profile.exe","stbiw__putc(struct stbi__write_context *, unsigned char)","stb_image_write.h","0x14001ff00"
"std::vector<Pixel,std::allocator<Pixel> >::operator[]","0.0128716","68218769","","kip_sequential_profile.exe","std::vector<Pixel,std::allocator<Pixel> >::operator[]","vector","0x1400223e2"
"fread","0.0128244","51300030","","ucrtbase.dll","fread","[Unknown]","0x180038720"
"func@0x1406a77e0","0.0109576","25137518","","ntoskrnl.exe","func@0x1406a77e0","[Unknown]","0x1406a77e0"
"Image::Image","0.0106557","13462126","","kip_sequential_profile.exe","Image::Image(unsigned int,unsigned int,class std::vector<class std::vector<class Pixel,class std::allocator<class Pixel> >,class std::allocator<class std::vector<class Pixel,class std::allocator<class Pixel> > > > const &)","Image.cpp","0x140021920"
"Image::getData","0.010566","8886408","","kip_sequential_profile.exe","Image::getData(void)","Image.cpp","0x1400219b0"
"std::unique_ptr<Image,std::default_delete<Image> >::~unique_ptr","0.0104472","40703804","","kip_sequential_profile.exe","std::unique_ptr<Image,std::default_delete<Image> >::~unique_ptr","memory","0x140001856"
"ImageProcessing::extendEdge","0.0103173","264566213","","kip_sequential_profile.exe","ImageProcessing::extendEdge(class Image const &,unsigned int)","ImageProcessing.cpp","0x140022af0"
"func@0x140bb478a","0.00967868","13058084","","ntoskrnl.exe","func@0x140bb478a","[Unknown]","0x140bb478a"
"std::unique_ptr<Image,std::default_delete<Image> >::~unique_ptr","0.00927806","49435726","","kip_sequential_profile.exe","std::unique_ptr<Image,std::default_delete<Image> >::~unique_ptr","memory","0x140001877"
"std::vector<float,std::allocator<float> >::operator[]","0.00847416","118150178","","kip_sequential_profile.exe","std::vector<float,std::allocator<float> >::operator[]","vector","0x140022300"
"std::unique_ptr<Image,std::default_delete<Image> >::~unique_ptr","0.0082433","42083885","","kip_sequential_profile.exe","std::unique_ptr<Image,std::default_delete<Image> >::~unique_ptr","memory","0x140001814"
"std::vector<std::vector<Pixel,std::allocator<Pixel> >,std::allocator<std::vector<Pixel,std::allocator<Pixel> > > >::~vector","0.0078252","29534958","","kip_sequential_profile.exe","std::vector<std::vector<Pixel,std::allocator<Pixel> >,std::allocator<std::vector<Pixel,std::allocator<Pixel> > > >::~vector","vector","0x14000bb95"
"stbi_write_jpg","0.00737731","6775584","","kip_sequential_profile.exe","stbi_write_jpg","stb_image_write.h","0x14000b2d0"
"std::vector<std::vector<Pixel,std::allocator<Pixel> >,std::allocator<std::vector<Pixel,std::allocator<Pixel> > > >::~vector","0.00725262","36003388","","kip_sequential_profile.exe","std::vector<std::vector<Pixel,std::allocator<Pixel> >,std::allocator<std::vector<Pixel,std::allocator<Pixel> > > >::~vector","vector","0x1400231f2"
"stbi__jpeg_decode_block_prog_dc","0.00717367","39215219","","kip_sequential_profile.exe","stbi__jpeg_decode_block_prog_dc(struct stbi__jpeg *, short *, struct stbi__huffman *, int)","stb_image.h","0x14001b9e0"
"std::vector<Pixel,std::allocator<Pixel> >::operator[]","0.00715627","80487075","","kip_sequential_profile.exe","std::vector<Pixel,std::allocator<Pixel> >::operator[]","vector","0x14000b5ed"
"ExpInterlockedPopEntrySList","0.0071132","25749662","","ntoskrnl.exe","ExpInterlockedPopEntrySList","[Unknown]","0x1406ae280"
"func@0x1402bfac0","0.00681862","42501712","","ntoskrnl.exe","func@0x1402bfac0","[Unknown]","0x1402bfac0"
"stbi__jpeg_get_bit","0.00645133","21346337","","kip_sequential_profile.exe","stbi__jpeg_get_bit","stb_image.h","0x14001c000"
"stbi__resample_row_hv_2_simd","0.00643898","112269038","","kip_sequential_profile.exe","stbi__resample_row_hv_2_simd(unsigned char *, unsigned char *, unsigned char *, int, int)","stb_image.h","0x140017f10"
"std::vector<std::vector<Pixel,std::allocator<Pixel> >,std::allocator<std::vector<Pixel,std::allocator<Pixel> > > >::~vector","0.00634768","30933083","","kip_sequential_profile.exe","std::vector<std::vector<Pixel,std::allocator<Pixel> >,std::allocator<std::vector<Pixel,std::allocator<Pixel> > > >::~vector","vector","0x140022512"
"std::vector<std::vector<Pixel,std::allocator<Pixel> >,std::allocator<std::vector<Pixel,std::allocator<Pixel> > > >::~vector","0.00586484","29861459","","kip_sequential_profile.exe","std::vector<std::vector<Pixel,std::allocator<Pixel> >,std::allocator<std::vector<Pixel,std::allocator<Pixel> > > >::~vector","vector","0x14002243f"
"stbi__jpeg_huff_decode","0.00583096","45430631","","kip_sequential_profile.exe","stbi__jpeg_huff_decode","stb_image.h","0x14001c1a0"
"std::vector<std::vector<Pixel,std::allocator<Pixel> >,std::allocator<std::vector<Pixel,std::allocator<Pixel> > > >::~vector","0.00566456","32066865","","kip_sequential_profile.exe","std::vector<std::vector<Pixel,std::allocator<Pixel> >,std::allocator<std::vector<Pixel,std::allocator<Pixel> > > >::~vector","vector","0x14000b648"
"stbi__jpeg_finish","0.00553169","12949402","","kip_sequential_profile.exe","stbi__jpeg_finish(struct stbi__jpeg *)","stb_image.h","0x14001b1f0"
"func@0x1402781e0","0.00503576","8348848","","ntoskrnl.exe","func@0x1402781e0","[Unknown]","0x1402781e0"
"std::vector<std::vector<Pixel,std::allocator<Pixel> >,std::allocator<std::vector<Pixel,std::allocator<Pixel> > > >::~vector","0.00463837","29660723","","kip_sequential_profile.exe","std::vector<std::vector<Pixel,std::allocator<Pixel> >,std::allocator<std::vector<Pixel,std::allocator<Pixel> > > >::~vector","vector","0x14002311c"
"func@0x1403e5c2c","0.00448225","10428111","","ntoskrnl.exe","func@0x1403e5c2c","[Unknown]","0x1403e5c2c"
"std::vector<std::vector<Pixel,std::allocator<Pixel> >,std::allocator<std::vector<Pixel,std::allocator<Pixel> > > >::operator[]","0.00438756","726776","","kip_sequential_profile.exe","std::vector<std::vector<Pixel,std::allocator<Pixel> >,std::allocator<std::vector<Pixel,std::allocator<Pixel> > > >::operator[]","vector","0x14000b5e7"
"func@0x1402b2b60","0.00360722","29173196","","ntoskrnl.exe","func@0x1402b2b60","[Unknown]","0x1402b2b60"
"func@0x1c00010e0","0.00356566","2419675","","intelppm.sys","func@0x1c00010e0","[Unknown]","0x1c00010e0"
"stbi__stdio_write","0.00316723","25376704","","kip_sequential_profile.exe","stbi__stdio_write(void *, void *, int)","stb_image_write.h","0x14001f3c0"
"stbi__get8","0.00287171","10881787","","kip_sequential_profile.exe","stbi__get8","stb_image.h","0x14001b8e3"
"stbi__jpeg_dequantize","0.00256132","18605442","","kip_sequential_profile.exe","stbi__jpeg_dequantize(short *, unsigned short *)","stb_image.h","0x14001c460"
"func@0x140218a20","0.00247535","23828908","","ntoskrnl.exe","func@0x140218a20","[Unknown]","0x140218a20"
"func@0x1406ac743","0.00227293","4433188","","ntoskrnl.exe","func@0x1406ac743","[Unknown]","0x1406ac743"
"func@0x1402c2af0","0.00197986","10019249","","ntoskrnl.exe","func@0x1402c2af0","[Unknown]","0x1402c2af0"
"func@0x1402ae130","0.00194689","16862733","","ntoskrnl.exe","func@0x1402ae130","[Unknown]","0x1402ae130"
"func@0x140288910","0.0016551","5267509","","ntoskrnl.exe","func@0x140288910","[Unknown]","0x140288910"
"func@0x1402191b0","0.00155419","14772306","","ntoskrnl.exe","func@0x1402191b0","[Unknown]","0x1402191b0"
"func@0x1402362b0","0.00154822","8375638","","ntoskrnl.exe","func@0x1402362b0","[Unknown]","0x1402362b0"
"func@0x1403e5f36","0.00145916","5695587","","ntoskrnl.exe","func@0x1403e5f36","[Unknown]","0x1403e5f36"
"func@0x1402bedb0","0.00144689","7770232","","ntoskrnl.exe","func@0x1402bedb0","[Unknown]","0x1402bedb0"
"stbi__extend_receive","0.00143619","16001294","","kip_sequential_profile.exe","stbi__extend_receive","stb_image.h","0x14001bb4c"
"stbi__decode_jpeg_image","0.00143148","1297916","","kip_sequential_profile.exe","stbi__decode_jpeg_image(struct stbi__jpeg *)","stb_image.h","0x140019fa0"
"func@0x1403d1bf0","0.00142778","2272859","","ntoskrnl.exe","func@0x1403d1bf0","[Unknown]","0x1403d1bf0"
"func@0x1c0002700","0.00137471","888712","","intelppm.sys","func@0x1c0002700","[Unknown]","0x1c0002700"
"stbi__jpeg_huff_decode","0.0013307","13831985","","kip_sequential_profile.exe","stbi__jpeg_huff_decode","stb_image.h","0x14001bac6"
"stbi__mul2shorts_valid","0.00132976","12719350","","kip_sequential_profile.exe","stbi__mul2shorts_valid(int, int)","stb_image.h","0x14001c400"
"func@0x14032d0b0","0.00123429","6496651","","ntoskrnl.exe","func@0x14032d0b0","[Unknown]","0x14032d0b0"
"func@0x1402bd3e0","0.00122916","8596398","","ntoskrnl.exe","func@0x1402bd3e0","[Unknown]","0x1402bd3e0"
"func@0x1402e11c0","0.00115606","3934760","","ntoskrnl.exe","func@0x1402e11c0","[Unknown]","0x1402e11c0"
"func@0x1402a7da0","0.00113356","14063299","","ntoskrnl.exe","func@0x1402a7da0","[Unknown]","0x1402a7da0"
"func@0x14028f59a","0.00112807","5662523","","ntoskrnl.exe","func@0x14028f59a","[Unknown]","0x14028f59a"
"func@0x140248694","0.00104515","4451687","","ntoskrnl.exe","func@0x140248694","[Unknown]","0x140248694"
"func@0x140240a60","0.00103231","6125967","","ntoskrnl.exe","func@0x140240a60","[Unknown]","0x140240a60"
"func@0x14041e440","0.00102247","1771938","","ntoskrnl.exe","func@0x14041e440","[Unknown]","0x14041e440"
"func@0x14041e58b","0.000994267","1069956","","ntoskrnl.exe","func@0x14041e58b","[Unknown]","0x14041e58b"
"func@0x140217428","0.00098898","954634","","igdkmdn64.sys","func@0x140217428","[Unknown]","0x140217428"
"func@0x1402b2d8b","0.00092523","5099195","","ntoskrnl.exe","func@0x1402b2d8b","[Unknown]","0x1402b2d8b"
"func@0x1402b25d0","0.000923538","7022131","","ntoskrnl.exe","func@0x1402b25d0","[Unknown]","0x1402b25d0"
"func@0x1402be310","0.000823929","3832026","","ntoskrnl.exe","func@0x1402be310","[Unknown]","0x1402be310"
"func@0x1406bb340","0.000823304","3079006","","ntoskrnl.exe","func@0x1406bb340","[Unknown]","0x1406bb340"
"func@0x18009ffcc","0.000818382","2299502","","ucrtbase.dll","func@0x18009ffcc","[Unknown]","0x18009ffcc"
"func@0x140242200","0.00073557","1346284","","ntoskrnl.exe","func@0x140242200","[Unknown]","0x140242200"
"ExReleaseSpinLockSharedFromDpcLevel","0.00072208","6298098","","ntoskrnl.exe","ExReleaseSpinLockSharedFromDpcLevel","[Unknown]","0x1402adcf0"
"stbi__extend_receive","0.000715752","4737761","","kip_sequential_profile.exe","stbi__extend_receive","stb_image.h","0x14001c0fd"
"std::vector<Pixel,std::allocator<Pixel> >::operator[]","0.000715518","21272643","","kip_sequential_profile.exe","std::vector<Pixel,std::allocator<Pixel> >::operator[]","vector","0x140022cbf"
"func@0x1c0005b60","0.000654268","0","","intelppm.sys","func@0x1c0005b60","[Unknown]","0x1c0005b60"
"func@0x1404f55a8","0.000650414","647759","","ntoskrnl.exe","func@0x1404f55a8","[Unknown]","0x1404f55a8"
"func@0x14028ff40","0.000621924","658012","","ntoskrnl.exe","func@0x14028ff40","[Unknown]","0x14028ff40"
"func@0x1402add80","0.000618461","8367791","","ntoskrnl.exe","func@0x1402add80","[Unknown]","0x1402add80"
"func@0x1402c57a0","0.000618409","1471361","","ntoskrnl.exe","func@0x1402c57a0","[Unknown]","0x1402c57a0"
"func@0x140216830","0.000617888","7313022","","ntoskrnl.exe","func@0x140216830","[Unknown]","0x140216830"
"KeClockInterruptNotify","0.000617862","1703895","","ntoskrnl.exe","KeClockInterruptNotify","[Unknown]","0x14028e9e0"
"func@0x14028a450","0.000616065","3615748","","ntoskrnl.exe","func@0x14028a450","[Unknown]","0x14028a450"
"func@0x1403281e0","0.000552341","0","","igdkmdn64.sys","func@0x1403281e0","[Unknown]","0x1403281e0"
"func@0x1404551b0","0.000528826","0","","ntoskrnl.exe","func@0x1404551b0","[Unknown]","0x1404551b0"
"func@0x14001ce70","0.000520466","366333","","igdkmdn64.sys","func@0x14001ce70","[Unknown]","0x14001ce70"
"func@0x1403cfec2","0.000514659","700867","","ntoskrnl.exe","func@0x1403cfec2","[Unknown]","0x1403cfec2"
"func@0x1402886a0","0.000514347","721101","","ntoskrnl.exe","func@0x1402886a0","[Unknown]","0x1402886a0"
"func@0x1402b27b0","0.000513774","2721743","","ntoskrnl.exe","func@0x1402b27b0","[Unknown]","0x1402b27b0"
"func@0x1403648c0","0.000510909","0","","ntoskrnl.exe","func@0x1403648c0","[Unknown]","0x1403648c0"
"func@0x1403d0d60","0.000449842","0","","ntoskrnl.exe","func@0x1403d0d60","[Unknown]","0x1403d0d60"
"func@0x1403b82d0","0.000449451","562423","","igdkmdn64.sys","func@0x1403b82d0","[Unknown]","0x1403b82d0"
"func@0x1402ca3e0","0.000433019","318988","","igdkmdn64.sys","func@0x1402ca3e0","[Unknown]","0x1402ca3e0"
"func@0x1403cf5a0","0.000429608","269295","","ntoskrnl.exe","func@0x1403cf5a0","[Unknown]","0x1403cf5a0"
"func@0x140366980","0.000423696","687193","","ntoskrnl.exe","func@0x140366980","[Unknown]","0x140366980"
"func@0x14022bdb0","0.000419608","289667","","ntoskrnl.exe","func@0x14022bdb0","[Unknown]","0x14022bdb0"
"func@0x140459f50","0.000416665","0","","ntoskrnl.exe","func@0x140459f50","[Unknown]","0x140459f50"
"func@0x180053940","0.000411561","862166","","ntdll.dll","func@0x180053940","[Unknown]","0x180053940"
"func@0x140bb4780","0.000410858","1795874","","ntoskrnl.exe","func@0x140bb4780","[Unknown]","0x140bb4780"
"func@0x1402ca8cc","0.000356587","295218","","igdkmdn64.sys","func@0x1402ca8cc","[Unknown]","0x1402ca8cc"
"func@0x1404177a4","0.000337186","271806","","ntoskrnl.exe","func@0x1404177a4","[Unknown]","0x1404177a4"
"func@0x1403664d0","0.000332863","1957905","","ntoskrnl.exe","func@0x1403664d0","[Unknown]","0x1403664d0"
"func@0x1406a76a0","0.000329556","366790","","ntoskrnl.exe","func@0x1406a76a0","[Unknown]","0x1406a76a0"
"func@0x140217670","0.000322134","0","","igdkmdn64.sys","func@0x140217670","[Unknown]","0x140217670"
"func@0x14028aa30","0.000316379","360889","","ntoskrnl.exe","func@0x14028aa30","[Unknown]","0x14028aa30"
"func@0x1c0005cc7","0.000315259","722423","","dxgmms2.sys","func@0x1c0005cc7","[Unknown]","0x1c0005cc7"
"func@0x14043afa8","0.000315207","361485","","ntoskrnl.exe","func@0x14043afa8","[Unknown]","0x14043afa8"
"func@0x140219ab0","0.000314113","1820178","","ntoskrnl.exe","func@0x140219ab0","[Unknown]","0x140219ab0"
"func@0x14028f450","0.000310572","1411885","","ntoskrnl.exe","func@0x14028f450","[Unknown]","0x14028f450"
"func@0x140288ca0","0.000310546","284462","","ntoskrnl.exe","func@0x140288ca0","[Unknown]","0x140288ca0"
"func@0x1402184a0","0.000309999","1984483","","ntoskrnl.exe","func@0x1402184a0","[Unknown]","0x1402184a0"
"func@0x1402910e0","0.000309868","1070884","","ntoskrnl.exe","func@0x1402910e0","[Unknown]","0x1402910e0"
"func@0x140218240","0.000309608","4435402","","ntoskrnl.exe","func@0x140218240","[Unknown]","0x140218240"
"func@0x1402ae080","0.000309139","276561","","ntoskrnl.exe","func@0x1402ae080","[Unknown]","0x1402ae080"
"func@0x14028f400","0.000308306","287920","","ntoskrnl.exe","func@0x14028f400","[Unknown]","0x14028f400"
"func@0x1406a03b0","0.000307785","1074423","","ntoskrnl.exe","func@0x1406a03b0","[Unknown]","0x1406a03b0"
"stbi__addints_valid","0.000307186","3895350","","kip_sequential_profile.exe","stbi__addints_valid(int, int)","stb_image.h","0x14001c3d0"
"func@0x140172830","0.000268983","323799","","igdkmdn64.sys","func@0x140172830","[Unknown]","0x140172830"
"func@0x140483480","0.00025091","395292","","igdkmdn64.sys","func@0x140483480","[Unknown]","0x140483480"
"RtlCopyMemory","0.000241041","1076215","","ntoskrnl.exe","RtlCopyMemory","[Unknown]","0x1406ba640"
"func@0x14041e330","0.000225416","282776","","ntoskrnl.exe","func@0x14041e330","[Unknown]","0x14041e330"
"func@0x1402880c0","0.000223176","346627","","ntoskrnl.exe","func@0x1402880c0","[Unknown]","0x1402880c0"
"func@0x1403d0a02","0.000221431","0","","ntoskrnl.exe","func@0x1403d0a02","[Unknown]","0x1403d0a02"
"func@0x14016b340","0.000220338","360541","","igdkmdn64.sys","func@0x14016b340","[Unknown]","0x14016b340"
"KeIsEmptyAffinityEx","0.000214921","0","","ntoskrnl.exe","KeIsEmptyAffinityEx","[Unknown]","0x140436110"
"func@0x140425550","0.000214166","285782","","igdkmdn64.sys","func@0x140425550","[Unknown]","0x140425550"
"func@0x140168f20","0.000213254","278571","","igdkmdn64.sys","func@0x140168f20","[Unknown]","0x140168f20"
"func@0x1403b62a0","0.000212916","0","","igdkmdn64.sys","func@0x1403b62a0","[Unknown]","0x1403b62a0"
"free_base","0.000212395","1594767","","ucrtbase.dll","free_base","[Unknown]","0x18001e0e0"
"func@0x14043af20","0.000211405","0","","ntoskrnl.exe","func@0x14043af20","[Unknown]","0x14043af20"
"DpiGetDxgAdapter","0.000210546","366833","","dxgkrnl.sys","DpiGetDxgAdapter","[Unknown]","0x1c00177a0"
"func@0x140248c48","0.000210442","451226","","ntoskrnl.exe","func@0x140248c48","[Unknown]","0x140248c48"
"EtwEventEnabled","0.000210025","0","","ntoskrnl.exe","EtwEventEnabled","[Unknown]","0x140305c30"
"func@0x140302170","0.000209895","0","","ntoskrnl.exe","func@0x140302170","[Unknown]","0x140302170"
"func@0x14041d280","0.000209895","0","","ntoskrnl.exe","func@0x14041d280","[Unknown]","0x14041d280"
"func@0x1402787f7","0.000209192","0","","ntoskrnl.exe","func@0x1402787f7","[Unknown]","0x1402787f7"
"func@0x1403cdb30","0.000208489","0","","ntoskrnl.exe","func@0x1403cdb30","[Unknown]","0x1403cdb30"
"func@0x140278ea0","0.00020776","0","","ntoskrnl.exe","func@0x140278ea0","[Unknown]","0x140278ea0"
"func@0x140311c90","0.000207707","0","","ntoskrnl.exe","func@0x140311c90","[Unknown]","0x140311c90"
"func@0x1403cf300","0.000207525","333587","","ntoskrnl.exe","func@0x1403cf300","[Unknown]","0x1403cf300"
"func@0x1403cda48","0.000207369","0","","ntoskrnl.exe","func@0x1403cda48","[Unknown]","0x1403cda48"
"func@0x14027d6ca","0.00020651","0","","ntoskrnl.exe","func@0x14027d6ca","[Unknown]","0x14027d6ca"
"func@0x1403e6700","0.000206457","649441","","ntoskrnl.exe","func@0x1403e6700","[Unknown]","0x1403e6700"
"func@0x140431730","0.000206379","1142052","","ntoskrnl.exe","func@0x140431730","[Unknown]","0x140431730"
"func@0x1402c6960","0.000206353","338520","","ntoskrnl.exe","func@0x1402c6960","[Unknown]","0x1402c6960"
"func@0x18000a4d0","0.000206093","338409","","ntdll.dll","func@0x18000a4d0","[Unknown]","0x18000a4d0"
"func@0x1402a73a0","0.000206041","1907525","","ntoskrnl.exe","func@0x1402a73a0","[Unknown]","0x1402a73a0"
"func@0x140301820","0.000206015","0","","ntoskrnl.exe","func@0x140301820","[Unknown]","0x140301820"
"KeGetCurrentIrql","0.000206015","668574","","ntoskrnl.exe","KeGetCurrentIrql","[Unknown]","0x14043fcc0"
"RtlEnterCriticalSection","0.000205754","0","","ntdll.dll","RtlEnterCriticalSection","[Unknown]","0x18007a090"
"fclose","0.000205728","0","","ucrtbase.dll","fclose","[Unknown]","0x180061f00"
"func@0x1403cdc60","0.000205572","0","","ntoskrnl.exe","func@0x1403cdc60","[Unknown]","0x1403cdc60"
"func@0x1402bfe17","0.000205416","786034","","ntoskrnl.exe","func@0x1402bfe17","[Unknown]","0x1402bfe17"
"RtlLeaveCriticalSection","0.000205233","711556","","ntdll.dll","RtlLeaveCriticalSection","[Unknown]","0x18007a190"
"func@0x1402b21d0","0.000204713","0","","ntoskrnl.exe","func@0x1402b21d0","[Unknown]","0x1402b21d0"
"std::vector<Pixel,std::allocator<Pixel> >::operator[]","0.000204452","12055032","","kip_sequential_profile.exe","std::vector<Pixel,std::allocator<Pixel> >::operator[]","vector","0x140022cb4"
"std::vector<std::vector<Pixel,std::allocator<Pixel> >,std::allocator<std::vector<Pixel,std::allocator<Pixel> > > >::operator[]","0.000204322","6057487","","kip_sequential_profile.exe","std::vector<std::vector<Pixel,std::allocator<Pixel> >,std::allocator<std::vector<Pixel,std::allocator<Pixel> > > >::operator[]","vector","0x140022cb8"
"malloc","0.000204296","362179","","ucrtbase.dll","malloc","[Unknown]","0x180015e00"
"stbi__jpeg_load","0.000204114","0","","kip_sequential_profile.exe","stbi__jpeg_load(struct stbi__context *, int *, int *, int *, int, struct stbi__result_info *)","stb_image.h","0x14000e8f0"
"std::vector<std::vector<Pixel,std::allocator<Pixel> >,std::allocator<std::vector<Pixel,std::allocator<Pixel> > > >::operator[]","0.000204088","710716","","kip_sequential_profile.exe","std::vector<std::vector<Pixel,std::allocator<Pixel> >,std::allocator<std::vector<Pixel,std::allocator<Pixel> > > >::operator[]","vector","0x1400222e0"
"func@0x14050d4c0","0.000148827","354964","","ntoskrnl.exe","func@0x14050d4c0","[Unknown]","0x14050d4c0"
"IoAcquireRemoveLockEx","0.0001344","0","","ntoskrnl.exe","IoAcquireRemoveLockEx","[Unknown]","0x140448170"
"func@0x14013b400","0.000128906","0","","igdkmdn64.sys","func@0x14013b400","[Unknown]","0x14013b400"
"func@0x140042e40","0.000128515","320362","","igdkmdn64.sys","func@0x140042e40","[Unknown]","0x140042e40"
"KfRaiseIrql","0.000127317","0","","ntoskrnl.exe","KfRaiseIrql","[Unknown]","0x1404159e0"
"func@0x1403cfe70","0.000126093","0","","ntoskrnl.exe","func@0x1403cfe70","[Unknown]","0x1403cfe70"
"std::make_unique","0.00012414","308061","","kip_sequential_profile.exe","std::make_unique","memory","0x14000b61d"
"func@0x14030b420","0.000122838","304034","","igdkmdn64.sys","func@0x14030b420","[Unknown]","0x14030b420"
"func@0x140143db0","0.000120182","0","","igdkmdn64.sys","func@0x140143db0","[Unknown]","0x140143db0"
"func@0x140287c5c","0.000118229","0","","ntoskrnl.exe","func@0x140287c5c","[Unknown]","0x140287c5c"
"func@0x14014d1e0","0.000117838","0","","igdkmdn64.sys","func@0x14014d1e0","[Unknown]","0x14014d1e0"
"func@0x1401800d0","0.000116354","0","","igdkmdn64.sys","func@0x1401800d0","[Unknown]","0x1401800d0"
"KeQueryPerformanceCounter","0.000114713","0","","ntoskrnl.exe","KeQueryPerformanceCounter","[Unknown]","0x140365f00"
"func@0x14009ca50","0.000114505","0","","igdkmdn64.sys","func@0x14009ca50","[Unknown]","0x14009ca50"
"func@0x14043b163","0.00011375","373944","","ntoskrnl.exe","func@0x14043b163","[Unknown]","0x14043b163"
"func@0x14012fb90","0.000112187","0","","igdkmdn64.sys","func@0x14012fb90","[Unknown]","0x14012fb90"
"func@0x140037450","0.000112135","0","","igdkmdn64.sys","func@0x140037450","[Unknown]","0x140037450"
"func@0x1404f4e50","0.000112083","0","","ntoskrnl.exe","func@0x1404f4e50","[Unknown]","0x1404f4e50"
"func@0x140037ed0","0.000112083","0","","igdkmdn64.sys","func@0x140037ed0","[Unknown]","0x140037ed0"
"func@0x14041e82c","0.000112005","0","","ntoskrnl.exe","func@0x14041e82c","[Unknown]","0x14041e82c"
"func@0x14003e4f0","0.000111744","0","","igdkmdn64.sys","func@0x14003e4f0","[Unknown]","0x14003e4f0"
"func@0x140318110","0.000110989","0","","igdkmdn64.sys","func@0x140318110","[Unknown]","0x140318110"
"func@0x1403d0970","0.000109791","760260","","ntoskrnl.exe","func@0x1403d0970","[Unknown]","0x1403d0970"
"func@0x1403d1528","0.00010901","640130","","ntoskrnl.exe","func@0x1403d1528","[Unknown]","0x1403d1528"
"func@0x1c00050f0","0.000108828","369771","","dxgmms2.sys","func@0x1c00050f0","[Unknown]","0x1c00050f0"
"func@0x1404bb9b8","0.000108593","293053","","ntoskrnl.exe","func@0x1404bb9b8","[Unknown]","0x1404bb9b8"
"func@0x14013cef0","0.000108567","295228","","igdkmdn64.sys","func@0x14013cef0","[Unknown]","0x14013cef0"
"func@0x1403b6220","0.000108151","0","","igdkmdn64.sys","func@0x1403b6220","[Unknown]","0x1403b6220"
"func@0x1402bea40","0.000107734","0","","igdkmdn64.sys","func@0x1402bea40","[Unknown]","0x1402bea40"
"func@0x1403b3990","0.000107135","0","","ntoskrnl.exe","func@0x1403b3990","[Unknown]","0x1403b3990"
"func@0x1800360d0","0.000106927","274837","","ucrtbase.dll","func@0x1800360d0","[Unknown]","0x1800360d0"
"func@0x14023a960","0.00010677","305772","","ntoskrnl.exe","func@0x14023a960","[Unknown]","0x14023a960"
"func@0x140436132","0.000106666","0","","ntoskrnl.exe","func@0x140436132","[Unknown]","0x140436132"
"func@0x1c000efa0","0.000106536","0","","dxgmms2.sys","func@0x1c000efa0","[Unknown]","0x1c000efa0"
"KePulseEvent","0.000106432","0","","ntoskrnl.exe","KePulseEvent","[Unknown]","0x140481180"
"func@0x1400546a0","0.000106432","0","","igdkmdn64.sys","func@0x1400546a0","[Unknown]","0x1400546a0"
"func@0x140196000","0.000106354","0","","igdkmdn64.sys","func@0x140196000","[Unknown]","0x140196000"
"[dxgmms2.sys]","0.00010625","0","","dxgmms2.sys","[dxgmms2.sys]","[Unknown]","0"
"func@0x1400563b0","0.000106015","0","","igdkmdn64.sys","func@0x1400563b0","[Unknown]","0x1400563b0"
"func@0x1403cd510","0.000105677","349857","","ntoskrnl.exe","func@0x1403cd510","[Unknown]","0x1403cd510"
"func@0x1403279f0","0.000105546","0","","igdkmdn64.sys","func@0x1403279f0","[Unknown]","0x1403279f0"
"func@0x18007a2ce","0.000105442","299324","","ntdll.dll","func@0x18007a2ce","[Unknown]","0x18007a2ce"
"func@0x140352476","0.00010539","0","","ntoskrnl.exe","func@0x140352476","[Unknown]","0x140352476"
"KeSetTimer","0.000105286","0","","ntoskrnl.exe","KeSetTimer","[Unknown]","0x140350f60"
"func@0x18017246e","0.00010526","334368","","ntdll.dll","func@0x18017246e","[Unknown]","0x18017246e"
"func@0x1406add80","0.000105156","0","","ntoskrnl.exe","func@0x1406add80","[Unknown]","0x1406add80"
"func@0x1406ad370","0.00010513","0","","ntoskrnl.exe","func@0x1406ad370","[Unknown]","0x1406ad370"
"KeFindFirstSetRightAffinityEx","0.000105104","343249","","ntoskrnl.exe","KeFindFirstSetRightAffinityEx","[Unknown]","0x14047bf00"
"func@0x1c0007f40","0.000105","0","","dxgmms2.sys","func@0x1c0007f40","[Unknown]","0x1c0007f40"
"func@0x140241357","0.000104921","694493","","ntoskrnl.exe","func@0x140241357","[Unknown]","0x140241357"
"func@0x14022141c","0.000104843","0","","ntoskrnl.exe","func@0x14022141c","[Unknown]","0x14022141c"
"func@0x14043b4aa","0.000104687","0","","ntoskrnl.exe","func@0x14043b4aa","[Unknown]","0x14043b4aa"
"func@0x1c0002cb0","0.000104609","0","","intelppm.sys","func@0x1c0002cb0","[Unknown]","0x1c0002cb0"
"func@0x14027f028","0.000104583","0","","ntoskrnl.exe","func@0x14027f028","[Unknown]","0x14027f028"
"std::_Insert_string<char,std::char_traits<char>,unsigned long long>","0.000104453","0","","kip_sequential_profile.exe","std::_Insert_string<char,std::char_traits<char>,unsigned long long>(class basic_ostream<char,std::char_traits<char> > & const, const char *, const unsigned __int64)","__msvc_string_view.hpp","0x140003500"
"NtTraceControl","0.000104192","0","","ntoskrnl.exe","NtTraceControl","[Unknown]","0x14099c220"
"std::_Default_allocator_traits<std::allocator<Pixel> >::construct","0.000104166","707781","","kip_sequential_profile.exe","std::_Default_allocator_traits<std::allocator<Pixel> >::construct","xmemory","0x1400215e0"
"func@0x1402c5e30","0.00010414","322636","","ntoskrnl.exe","func@0x1402c5e30","[Unknown]","0x1402c5e30"
"func@0x1404f6514","0.000104114","359598","","ntoskrnl.exe","func@0x1404f6514","[Unknown]","0x1404f6514"
"KeIsEqualAffinityEx","0.000103932","0","","ntoskrnl.exe","KeIsEqualAffinityEx","[Unknown]","0x140280a20"
"func@0x1c0003110","0.000103906","0","","partmgr.sys","func@0x1c0003110","[Unknown]","0x1c0003110"
"func@0x1403cba40","0.000103854","0","","ntoskrnl.exe","func@0x1403cba40","[Unknown]","0x1403cba40"
"func@0x1400128e7","0.000103828","0","","nllVmm.sys","func@0x1400128e7","[Unknown]","0x1400128e7"
"func@0x14029b960","0.000103828","387151","","ntoskrnl.exe","func@0x14029b960","[Unknown]","0x14029b960"
"func@0x140311be0","0.000103802","0","","ntoskrnl.exe","func@0x140311be0","[Unknown]","0x140311be0"
"func@0x18005a4c4","0.00010375","0","","KernelBase.dll","func@0x18005a4c4","[Unknown]","0x18005a4c4"
"func@0x1402be652","0.000103697","292946","","ntoskrnl.exe","func@0x1402be652","[Unknown]","0x1402be652"
"func@0x1c00262b0","0.000103671","0","","Wdf01000.sys","func@0x1c00262b0","[Unknown]","0x1c00262b0"
"std::basic_ostream<char,struct std::char_traits<char> >::operator<<","0.000103619","351708","","msvcp140.dll","std::basic_ostream<char,struct std::char_traits<char> >::operator<<(unsigned int)","[Unknown]","0x180042c30"
"std::filesystem::_Convert_Source_to_wide<class std::basic_string<char,struct std::char_traits<char>,class std::allocator<char> >,struct std::filesystem::_Normal_conversion>","0.000103593","304024","","kip_sequential_profile.exe","std::filesystem::_Convert_Source_to_wide<class std::basic_string<char,struct std::char_traits<char>,class std::allocator<char> >,struct std::filesystem::_Normal_conversion>(class std::basic_string<char,struct std::char_traits<char>,class std::allocator<char> > const &,struct std::filesystem::_Normal_conversion)","filesystem","0x140003950"
"func@0x1c0001ea0","0.000103593","344853","","intelppm.sys","func@0x1c0001ea0","[Unknown]","0x1c0001ea0"
"func@0x140217140","0.000103567","0","","ntoskrnl.exe","func@0x140217140","[Unknown]","0x140217140"
"func@0x1403cf431","0.000103489","0","","ntoskrnl.exe","func@0x1403cf431","[Unknown]","0x1403cf431"
"func@0x1403e19e0","0.000103411","359351","","ntoskrnl.exe","func@0x1403e19e0","[Unknown]","0x1403e19e0"
"func@0x1c0013ce0","0.000103359","0","","dxgmms2.sys","func@0x1c0013ce0","[Unknown]","0x1c0013ce0"
"func@0x14032e262","0.000103255","0","","ntoskrnl.exe","func@0x14032e262","[Unknown]","0x14032e262"
"func@0x1403e8868","0.000103255","370172","","ntoskrnl.exe","func@0x1403e8868","[Unknown]","0x1403e8868"
"func@0x1402698f0","0.000103203","2025920","","ntoskrnl.exe","func@0x1402698f0","[Unknown]","0x1402698f0"
"func@0x140219dd2","0.000103203","371341","","ntoskrnl.exe","func@0x140219dd2","[Unknown]","0x140219dd2"
"fopen_s","0.000103203","0","","ucrtbase.dll","fopen_s","[Unknown]","0x18003b420"
"func@0x1c0039dc0","0.000103203","276091","","dxgkrnl.sys","func@0x1c0039dc0","[Unknown]","0x1c0039dc0"
"func@0x1402784e0","0.000103203","602479","","ntoskrnl.exe","func@0x1402784e0","[Unknown]","0x1402784e0"
"ExReleaseResourceLite","0.000103177","0","","ntoskrnl.exe","ExReleaseResourceLite","[Unknown]","0x14031eca0"
"func@0x1403d2d65","0.000103177","0","","ntoskrnl.exe","func@0x1403d2d65","[Unknown]","0x1403d2d65"
"func@0x14027d510","0.000103046","359815","","ntoskrnl.exe","func@0x14027d510","[Unknown]","0x14027d510"
"RtlRestoreLastWin32Error","0.00010302","358066","","ntdll.dll","RtlRestoreLastWin32Error","[Unknown]","0x180004df0"
"func@0x14024a7c0","0.00010302","276944","","ntoskrnl.exe","func@0x14024a7c0","[Unknown]","0x14024a7c0"
"func@0x1402bda50","0.00010302","364452","","ntoskrnl.exe","func@0x1402bda50","[Unknown]","0x1402bda50"
"func@0x1c0010784","0.000102994","0","","dxgmms2.sys","func@0x1c0010784","[Unknown]","0x1c0010784"
"func@0x1402893c0","0.000102968","1082650","","ntoskrnl.exe","func@0x1402893c0","[Unknown]","0x1402893c0"
"func@0x14021976e","0.000102942","0","","ntoskrnl.exe","func@0x14021976e","[Unknown]","0x14021976e"
"func@0x14030206d","0.000102916","0","","ntoskrnl.exe","func@0x14030206d","[Unknown]","0x14030206d"
"func@0x140277cb0","0.000102864","317822","","ntoskrnl.exe","func@0x140277cb0","[Unknown]","0x140277cb0"
"func@0x14028a1dc","0.000102838","359781","","ntoskrnl.exe","func@0x14028a1dc","[Unknown]","0x14028a1dc"
"func@0x1800fdee0","0.000102838","287276","","ntdll.dll","func@0x1800fdee0","[Unknown]","0x1800fdee0"
"KeQueryActiveProcessorCountEx","0.000102786","327964","","ntoskrnl.exe","KeQueryActiveProcessorCountEx","[Unknown]","0x1403ce290"
"func@0x180091078","0.00010276","0","","ntdll.dll","func@0x180091078","[Unknown]","0x180091078"
"func@0x140304f50","0.00010276","354017","","ntoskrnl.exe","func@0x140304f50","[Unknown]","0x140304f50"
"KeAcquireInStackQueuedSpinLock","0.000102708","0","","ntoskrnl.exe","KeAcquireInStackQueuedSpinLock","[Unknown]","0x140256270"
"KeReleaseInStackQueuedSpinLock","0.000102708","0","","ntoskrnl.exe","KeReleaseInStackQueuedSpinLock","[Unknown]","0x140257720"
"func@0x14047c178","0.000102682","357819","","ntoskrnl.exe","func@0x14047c178","[Unknown]","0x14047c178"
"func@0x1800469bc","0.00010263","0","","KernelBase.dll","func@0x1800469bc","[Unknown]","0x1800469bc"
"func@0x140288ddd","0.00010263","300888","","ntoskrnl.exe","func@0x140288ddd","[Unknown]","0x140288ddd"
"func@0x180172420","0.000102604","0","","ntdll.dll","func@0x180172420","[Unknown]","0x180172420"
"SeAccessCheckWithHint","0.000102604","0","","ntoskrnl.exe","SeAccessCheckWithHint","[Unknown]","0x14037e020"
"func@0x140a14570","0.000102578","346021","","ntoskrnl.exe","func@0x140a14570","[Unknown]","0x140a14570"
"RtlUnicodeToMultiByteN","0.000102578","361107","","ntdll.dll","RtlUnicodeToMultiByteN","[Unknown]","0x18006a400"
"RtlAnsiCharToUnicodeChar","0.000102578","304802","","ntdll.dll","RtlAnsiCharToUnicodeChar","[Unknown]","0x1800da5e0"
"func@0x1402b33f0","0.000102552","0","","ntoskrnl.exe","func@0x1402b33f0","[Unknown]","0x1402b33f0"
"func@0x180043e11","0.000102552","0","","ntdll.dll","func@0x180043e11","[Unknown]","0x180043e11"
"func@0x1401379a0","0.000102552","311092","","igdkmdn64.sys","func@0x1401379a0","[Unknown]","0x1401379a0"
"func@0x1408b2733","0.000102526","0","","ntoskrnl.exe","func@0x1408b2733","[Unknown]","0x1408b2733"
"stbi__jpeg_get_bit","0.000102526","0","","kip_sequential_profile.exe","stbi__jpeg_get_bit","stb_image.h","0x14001bd95"
"func@0x1c014ec50","0.000102474","0","","Ntfs.sys","func@0x1c014ec50","[Unknown]","0x1c014ec50"
"func@0x1402f75d0","0.000102474","0","","ntoskrnl.exe","func@0x1402f75d0","[Unknown]","0x1402f75d0"
"func@0x140381d70","0.000102447","345619","","ntoskrnl.exe","func@0x140381d70","[Unknown]","0x140381d70"
"func@0x1403717f0","0.000102447","368483","","ntoskrnl.exe","func@0x1403717f0","[Unknown]","0x1403717f0"
"RtlAcquireSRWLockExclusive","0.000102421","0","","ntdll.dll","RtlAcquireSRWLockExclusive","[Unknown]","0x180091c50"
"stbi__jpeg_get_bits","0.000102395","0","","kip_sequential_profile.exe","stbi__jpeg_get_bits","stb_image.h","0x14001c36c"
"func@0x1800d3f33","0.000102395","268900","","ntdll.dll","func@0x1800d3f33","[Unknown]","0x1800d3f33"
"func@0x1800b8430","0.000102395","322612","","ntdll.dll","func@0x1800b8430","[Unknown]","0x1800b8430"
"stbi__refill_buffer","0.000102395","1695487","","kip_sequential_profile.exe","stbi__refill_buffer(struct stbi__context *)","stb_image.h","0x1400103c0"
"func@0x1404168c0","0.000102395","0","","ntoskrnl.exe","func@0x1404168c0","[Unknown]","0x1404168c0"
"[Import thunk free]","0.000102343","0","","kip_sequential_profile.exe","[Import thunk free]","[Unknown]","0x140027860"
"func@0x14036ae80","0.000102317","0","","ntoskrnl.exe","func@0x14036ae80","[Unknown]","0x14036ae80"
"func@0x140226c30","0.000102291","0","","ntoskrnl.exe","func@0x140226c30","[Unknown]","0x140226c30"
"stbi__get8","0.000102265","1728066","","kip_sequential_profile.exe","stbi__get8","stb_image.h","0x14001b91d"
"func@0x1402c75f0","0.000102239","360279","","ntoskrnl.exe","func@0x1402c75f0","[Unknown]","0x1402c75f0"
"std::vector<std::vector<Pixel,std::allocator<Pixel> >,std::allocator<std::vector<Pixel,std::allocator<Pixel> > > >::operator[]","0.000102213","9536006","","kip_sequential_profile.exe","std::vector<std::vector<Pixel,std::allocator<Pixel> >,std::allocator<std::vector<Pixel,std::allocator<Pixel> > > >::operator[]","vector","0x140022cb0"
"func@0x1403d061c","0.000102187","0","","ntoskrnl.exe","func@0x1403d061c","[Unknown]","0x1403d061c"
"func@0x1403cfda0","0.000102187","678210","","ntoskrnl.exe","func@0x1403cfda0","[Unknown]","0x1403cfda0"
"func@0x14022b626","0.000102005","287310","","ntoskrnl.exe","func@0x14022b626","[Unknown]","0x14022b626"
"func@0x180036180","0.000101041","278959","","ucrtbase.dll","func@0x180036180","[Unknown]","0x180036180"
"NtQueryValueKey","0.00010052","0","","ntdll.dll","NtQueryValueKey","[Unknown]","0x1801620a0"
"func@0x14029a050","0","315257","","ntoskrnl.exe","func@0x14029a050","[Unknown]","0x14029a050"
"func@0x140264364","0","302732","","ntoskrnl.exe","func@0x140264364","[Unknown]","0x140264364"
"func@0x140216b48","0","2594254","","ntoskrnl.exe","func@0x140216b48","[Unknown]","0x140216b48"
"NtAllocateVirtualMemory","0","610835","","ntdll.dll","NtAllocateVirtualMemory","[Unknown]","0x1801620c0"
"NtProtectVirtualMemory","0","270538","","ntdll.dll","NtProtectVirtualMemory","[Unknown]","0x1801627c0"
"NtWriteFile","0","661092","","ntdll.dll","NtWriteFile","[Unknown]","0x180161ec0"
"func@0x1403cefe0","0","359772","","ntoskrnl.exe","func@0x1403cefe0","[Unknown]","0x1403cefe0"
"NtReadFile","0","311051","","ntdll.dll","NtReadFile","[Unknown]","0x180161e80"
"func@0x140223e40","0","355718","","igdkmdn64.sys","func@0x140223e40","[Unknown]","0x140223e40"
"NtFreeVirtualMemory","0","395948","","ntdll.dll","NtFreeVirtualMemory","[Unknown]","0x180162180"
"func@0x1402b3a10","0","459942","","ntoskrnl.exe","func@0x1402b3a10","[Unknown]","0x1402b3a10"
"func@0x1402581f0","0","388229","","ntoskrnl.exe","func@0x1402581f0","[Unknown]","0x1402581f0"
"func@0x140217b50","0","315518","","ntoskrnl.exe","func@0x140217b50","[Unknown]","0x140217b50"
"func@0x1402af070","0","329753","","ntoskrnl.exe","func@0x1402af070","[Unknown]","0x1402af070"
"func@0x1c0030562","0","349622","","dxgmms2.sys","func@0x1c0030562","[Unknown]","0x1c0030562"
"func@0x1401032c0","0","369089","","igdkmdn64.sys","func@0x1401032c0","[Unknown]","0x1401032c0"
"func@0x140217340","0","361851","","igdkmdn64.sys","func@0x140217340","[Unknown]","0x140217340"
"func@0x180009800","0","386972","","ucrtbase.dll","func@0x180009800","[Unknown]","0x180009800"
"func@0x1402ae452","0","1899658","","ntoskrnl.exe","func@0x1402ae452","[Unknown]","0x1402ae452"
"NtWaitForWorkViaWorkerFactory","0","291811","","ntdll.dll","NtWaitForWorkViaWorkerFactory","[Unknown]","0x180165a70"
"func@0x1403303db","0","350812","","ntoskrnl.exe","func@0x1403303db","[Unknown]","0x1403303db"
"InterlockedPushListSList","0","362305","","ntoskrnl.exe","InterlockedPushListSList","[Unknown]","0x1406ae330"
"func@0x140178c80","0","361234","","igdkmdn64.sys","func@0x140178c80","[Unknown]","0x140178c80"
"std::vector<Pixel,std::allocator<Pixel> >::operator[]","0","1348205","","kip_sequential_profile.exe","std::vector<Pixel,std::allocator<Pixel> >::operator[]","vector","0x14000baa4"
"func@0x140898b30","0","453426","","ntoskrnl.exe","func@0x140898b30","[Unknown]","0x140898b30"
"func@0x1402e5ecc","0","406791","","ntoskrnl.exe","func@0x1402e5ecc","[Unknown]","0x1402e5ecc"
"stbi__stdio_read","0","547624","","kip_sequential_profile.exe","stbi__stdio_read(void *, char *, int)","stb_image.h","0x14000be60"
"func@0x1403cba91","0","366081","","ntoskrnl.exe","func@0x1403cba91","[Unknown]","0x1403cba91"
"func@0x1800da6eb","0","330162","","ntdll.dll","func@0x1800da6eb","[Unknown]","0x1800da6eb"
"KeReleaseSpinLock","0","358079","","ntoskrnl.exe","KeReleaseSpinLock","[Unknown]","0x14034d7e0"
"func@0x1402e5ea0","0","1621081","","ntoskrnl.exe","func@0x1402e5ea0","[Unknown]","0x1402e5ea0"
"[dxgkrnl.sys]","0","376053","","dxgkrnl.sys","[dxgkrnl.sys]","[Unknown]","0"
"stbi__jpeg_get_bits","0","705568","","kip_sequential_profile.exe","stbi__jpeg_get_bits","stb_image.h","0x14001bf8f"
"func@0x14027e650","0","361674","","ntoskrnl.exe","func@0x14027e650","[Unknown]","0x14027e650"
"std::_Default_allocator_traits<std::allocator<Pixel> >::construct","0","873569","","kip_sequential_profile.exe","std::_Default_allocator_traits<std::allocator<Pixel> >::construct","xmemory","0x140021b40"
"func@0x1c0001eda","0","412019","","intelppm.sys","func@0x1c0001eda","[Unknown]","0x1c0001eda"
"std::_Uninitialized_backout_al<std::allocator<Pixel> >::_Emplace_back","0","314703","","kip_sequential_profile.exe","std::_Uninitialized_backout_al<std::allocator<Pixel> >::_Emplace_back","xmemory","0x140021b40"
"std::vector<Pixel,std::allocator<Pixel> >::operator[]","0","405933","","kip_sequential_profile.exe","std::vector<Pixel,std::allocator<Pixel> >::operator[]","vector","0x140022faf"
