"Function / Call Stack","CPU Time","Memory Bound","Memory Bound","Loads","Stores","LLC Miss Count","Module","Function (Full)","Source File","Start Address"
"ImageProcessing::convolution","7.46127","0.0208668","0","21529640000","422730000","55022","kip_sequential_soa_profile.exe","ImageProcessing::convolution(class Image const &,class Kernel const &)","ImageProcessing.cpp","0x140025a90"
" [Unknown]","7.46127","0.0208668","0","21529640000","422730000","55022","[Unknown]","[Unknown]","[Unknown]","[Unknown]"
"stbi__jpeg_decode_block_prog_ac","0.175799","0.0253456","0","245080000","75460000","0","kip_sequential_soa_profile.exe","stbi__jpeg_decode_block_prog_ac","stb_image.h","0x140012af5"
"stbi__YCbCr_to_RGB_simd","0.0491998","0.0384615","0","66880000","87670000","0","kip_sequential_soa_profile.exe","stbi__YCbCr_to_RGB_simd(unsigned char *, const unsigned char *, const unsigned char *, const unsigned char *, int, int)","stb_image.h","0x14001f570"
"func@0x18001cb40","0.0488998","0.616667","0","11000000","11330000","55022","vcruntime140.dll","func@0x18001cb40","[Unknown]","0x18001cb40"
"stbi__jpeg_huff_decode","0.0437998","0.0102041","0","37180000","11880000","0","kip_sequential_soa_profile.exe","stbi__jpeg_huff_decode","stb_image.h","0x140012ce3"
"func@0x18001e560","0.0311999","0.685714","0","220000","220000","0","vcruntime140.dll","func@0x18001e560","[Unknown]","0x18001e560"
"func@0x140299e00","0.0290999","0.0555556","0","1540000","220000","0","ntoskrnl.exe","func@0x140299e00","[Unknown]","0x140299e00"
"stbi__jpeg_get_bit","0.0245999","0.0322581","0","22000000","9240000","0","kip_sequential_soa_profile.exe","stbi__jpeg_get_bit","stb_image.h","0x140012edd"
"getChannelAsUint8","0.0203999","0.0512821","0","21780000","220000","0","kip_sequential_soa_profile.exe","getChannelAsUint8","ImageProcessing.cpp","0x140026022"
"stbi__grow_buffer_unsafe","0.0200999","0.0204082","0","23320000","10120000","0","kip_sequential_soa_profile.exe","stbi__grow_buffer_unsafe(struct stbi__jpeg *)","stb_image.h","0x140021ae0"
"STBImageReader::loadRGBImage","0.0197999","0.24","0","86900000","52250000","0","kip_sequential_soa_profile.exe","STBImageReader::loadRGBImage(class std::filesystem::path const &)","STBImageReader.cpp","0x14000e300"
"stbiw__jpg_processDU","0.0179999","0.0128205","0","15620000","9130000","0","kip_sequential_soa_profile.exe","stbiw__jpg_processDU(struct stbi__write_context *, int *, int *, float *, int, float *, int, unsigned short[2] *, unsigned short[2] *)","stb_image_write.h","0x140023f40"
"stbi__idct_simd","0.0149999","0.0212766","0","30360000","17600000","0","kip_sequential_soa_profile.exe","stbi__idct_simd(unsigned char *, int, short *)","stb_image.h","0x14001ed60"
"getChannelAsUint8","0.0131999","0.030303","0","33220000","660000","0","kip_sequential_soa_profile.exe","getChannelAsUint8","ImageProcessing.cpp","0x140026053"
"func@0x14034d410","0.0125999","0.0416667","0","1100000","330000","0","ntoskrnl.exe","func@0x14034d410","[Unknown]","0x14034d410"
"stbi_write_jpg_core","0.0114","0.0555556","0","7260000","4290000","55022","kip_sequential_soa_profile.exe","stbi_write_jpg_core(struct stbi__write_context *, int, int, int, const void *, int)","stb_image_write.h","0x14000cb90"
"func@0x1406bb5ae","0.0114","1","0","3960000","1100000","0","ntoskrnl.exe","func@0x1406bb5ae","[Unknown]","0x1406bb5ae"
"ImageProcessing::extendEdge","0.0102","0.166667","0","34980000","11110000","0","kip_sequential_soa_profile.exe","ImageProcessing::extendEdge(class Image const &,unsigned int)","ImageProcessing.cpp","0x140026280"
"getChannelAsUint8","0.0102","0.103448","0","23760000","330000","0","kip_sequential_soa_profile.exe","getChannelAsUint8","ImageProcessing.cpp","0x140025fda"
"stbi__jpeg_get_bit","0.00959996","0","0","8580000","2860000","55022","kip_sequential_soa_profile.exe","stbi__jpeg_get_bit","stb_image.h","0x140012e4e"
"std::vector<unsigned char,std::allocator<unsigned char> >::operator[]","0.00899996","0","0","18700000","880000","0","kip_sequential_soa_profile.exe","std::vector<unsigned char,std::allocator<unsigned char> >::operator[]","vector","0x14002604b"
"stbi__parse_entropy_coded_data","0.00839996","0.047619","0","23980000","3960000","0","kip_sequential_soa_profile.exe","stbi__parse_entropy_coded_data","stb_image.h","0x1400129c4"
"func@0x14024aa70","0.00779997","0.148148","0","17820000","16830000","0","ntoskrnl.exe","func@0x14024aa70","[Unknown]","0x14024aa70"
"stbi__jpeg_decode_block_prog_dc","0.00719997","0.272727","","10560000","5610000","0","kip_sequential_soa_profile.exe","stbi__jpeg_decode_block_prog_dc(struct stbi__jpeg *, short *, struct stbi__huffman *, int)","stb_image.h","0x140021c90"
"RtlEnterCriticalSection","0.00689997","0.047619","0","15620000","7700000","0","ntdll.dll","RtlEnterCriticalSection","[Unknown]","0x1800412f0"
"func@0x14028dde0","0.00599997","0.692308","0","5720000","3740000","0","ntoskrnl.exe","func@0x14028dde0","[Unknown]","0x14028dde0"
"stbi__get8","0.00599997","0","0","2420000","1760000","0","kip_sequential_soa_profile.exe","stbi__get8","stb_image.h","0x140021b25"
"RtlLeaveCriticalSection","0.00569998","0.037037","0","17160000","15070000","0","ntdll.dll","RtlLeaveCriticalSection","[Unknown]","0x1800413f0"
"stbi__resample_row_hv_2_simd","0.00569998","0.0666667","0","17600000","2200000","0","kip_sequential_soa_profile.exe","stbi__resample_row_hv_2_simd(unsigned char *, unsigned char *, unsigned char *, int, int)","stb_image.h","0x14001f7d0"
"stbiw__jpg_DCT","0.00479998","0","0","6600000","6270000","0","kip_sequential_soa_profile.exe","stbiw__jpg_DCT","stb_image_write.h","0x140024010"
"std::vector<unsigned char,std::allocator<unsigned char> >::operator[]","0.00479998","0.0588235","0","20680000","6930000","0","kip_sequential_soa_profile.exe","std::vector<unsigned char,std::allocator<unsigned char> >::operator[]","vector","0x1400264e8"
"stbi__jpeg_huff_decode","0.00449998","0","0","9900000","3740000","0","kip_sequential_soa_profile.exe","stbi__jpeg_huff_decode","stb_image.h","0x140013011"
"func@0x140307a70","0.00449998","0.388889","0","4840000","3960000","0","ntoskrnl.exe","func@0x140307a70","[Unknown]","0x140307a70"
"std::vector<unsigned char,std::allocator<unsigned char> >::operator[]","0.00389998","0","0","2420000","0","0","kip_sequential_soa_profile.exe","std::vector<unsigned char,std::allocator<unsigned char> >::operator[]","vector","0x14002601a"
"func@0x1406ae6c0","0.00389998","0.142857","0","1760000","1210000","0","ntoskrnl.exe","func@0x1406ae6c0","[Unknown]","0x1406ae6c0"
"func@0x140201850","0.00359998","0.166667","0","13640000","10230000","0","ntoskrnl.exe","func@0x140201850","[Unknown]","0x140201850"
"std::vector<unsigned char,std::allocator<unsigned char> >::operator[]","0.00359998","0.0833333","0","15180000","5170000","0","kip_sequential_soa_profile.exe","std::vector<unsigned char,std::allocator<unsigned char> >::operator[]","vector","0x1400264ce"
"STBImageReader::saveJPGImage","0.00299999","0","0","18920000","8470000","0","kip_sequential_soa_profile.exe","STBImageReader::saveJPGImage(class Image const &,class std::filesystem::path const &)","STBImageReader.cpp","0x14000e7e0"
"std::vector<unsigned char,std::allocator<unsigned char> >::operator[]","0.00269999","0","0","16940000","0","0","kip_sequential_soa_profile.exe","std::vector<unsigned char,std::allocator<unsigned char> >::operator[]","vector","0x140025f22"
"std::vector<unsigned char,std::allocator<unsigned char> >::operator[]","0.00269999","0","0","12100000","3520000","0","kip_sequential_soa_profile.exe","std::vector<unsigned char,std::allocator<unsigned char> >::operator[]","vector","0x1400264d6"
"func@0x140241a70","0.00239999","0.666667","0","2200000","1980000","0","ntoskrnl.exe","func@0x140241a70","[Unknown]","0x140241a70"
"func@0x14030f65d","0.00239999","0.125","0","1100000","2860000","0","ntoskrnl.exe","func@0x14030f65d","[Unknown]","0x14030f65d"
"func@0x1403441f5","0.00209999","0.833333","0","3960000","1540000","0","ntoskrnl.exe","func@0x1403441f5","[Unknown]","0x1403441f5"
"stbi__jpeg_dequantize","0.00209999","0","0","1320000","220000","0","kip_sequential_soa_profile.exe","stbi__jpeg_dequantize","stb_image.h","0x140013ac0"
"func@0x1402f88d0","0.00209999","0.25","0","3520000","1100000","0","ntoskrnl.exe","func@0x1402f88d0","[Unknown]","0x1402f88d0"
"func@0x140344510","0.00209999","1","0","1980000","5390000","0","ntoskrnl.exe","func@0x140344510","[Unknown]","0x140344510"
"func@0x14024bee0","0.00179999","0","0","880000","660000","0","ntoskrnl.exe","func@0x14024bee0","[Unknown]","0x14024bee0"
"ExpInterlockedPopEntrySList","0.00179999","0.4","0","1100000","550000","0","ntoskrnl.exe","ExpInterlockedPopEntrySList","[Unknown]","0x1406b5160"
"std::vector<unsigned char,std::allocator<unsigned char> >::operator[]","0.00179999","0","0","5720000","2310000","0","kip_sequential_soa_profile.exe","std::vector<unsigned char,std::allocator<unsigned char> >::operator[]","vector","0x1400264df"
"func@0x1400010e0","0.00149999","1","0","0","0","0","intelppm.sys","func@0x1400010e0","[Unknown]","0x1400010e0"
"stbiw__jpg_writeBits","0.00149999","0","0","4840000","1650000","0","kip_sequential_soa_profile.exe","stbiw__jpg_writeBits","stb_image_write.h","0x140024939"
"stbiw__jpg_DCT","0.00149999","0","0","1320000","1430000","0","kip_sequential_soa_profile.exe","stbiw__jpg_DCT","stb_image_write.h","0x14002416b"
"stbi__jpeg_huff_decode","0.00149999","0","0","5060000","2420000","0","kip_sequential_soa_profile.exe","stbi__jpeg_huff_decode","stb_image.h","0x140021d87"
"func@0x140332f40","0.00149999","0.25","0","440000","330000","0","ntoskrnl.exe","func@0x140332f40","[Unknown]","0x140332f40"
"func@0x1403440b0","0.00149999","0","0","1320000","220000","0","ntoskrnl.exe","func@0x1403440b0","[Unknown]","0x1403440b0"
"func@0x14030ac66","0.00149999","0","0","0","220000","0","ntoskrnl.exe","func@0x14030ac66","[Unknown]","0x14030ac66"
"func@0x1406b3ad0","0.00149999","0","0","0","330000","0","ntoskrnl.exe","func@0x1406b3ad0","[Unknown]","0x1406b3ad0"
"fwrite","0.00149999","0","0","3520000","1980000","0","ucrtbase.dll","fwrite","[Unknown]","0x18001b760"
"std::vector<unsigned char,std::allocator<unsigned char> >::operator[]","0.00149999","1","0","3740000","1650000","0","kip_sequential_soa_profile.exe","std::vector<unsigned char,std::allocator<unsigned char> >::operator[]","vector","0x14000e54a"
"RtlCopyMemory","0.00149999","1","0","880000","550000","110044","ntoskrnl.exe","RtlCopyMemory","[Unknown]","0x1406c1440"
"func@0x140226fb0","0.00119999","0","0","660000","660000","0","ntoskrnl.exe","func@0x140226fb0","[Unknown]","0x140226fb0"
"func@0x1402e8090","0.00119999","0","0","0","110000","0","ntoskrnl.exe","func@0x1402e8090","[Unknown]","0x1402e8090"
"func@0x14041bb67","0.00119999","0","0","1760000","110000","0","ntoskrnl.exe","func@0x14041bb67","[Unknown]","0x14041bb67"
"stbi__extend_receive","0.00119999","0","0","5060000","3300000","0","kip_sequential_soa_profile.exe","stbi__extend_receive","stb_image.h","0x140021e0d"
"func@0x14027b070","0.00119999","0","0","0","110000","0","ntoskrnl.exe","func@0x14027b070","[Unknown]","0x14027b070"
"stbi__mul2shorts_valid","0.00119999","0","0","2200000","1320000","0","kip_sequential_soa_profile.exe","stbi__mul2shorts_valid","stb_image.h","0x140021fa6"
"func@0x14024ed2a","0.00119999","0.2","0","1540000","0","0","ntoskrnl.exe","func@0x14024ed2a","[Unknown]","0x14024ed2a"
"std::vector<unsigned char,std::allocator<unsigned char> >::operator[]","0.00119999","0","0","1980000","1210000","0","kip_sequential_soa_profile.exe","std::vector<unsigned char,std::allocator<unsigned char> >::operator[]","vector","0x14000e92c"
"stbiw__jpg_writeBits","0.00119999","0","0","3300000","990000","0","kip_sequential_soa_profile.exe","stbiw__jpg_writeBits","stb_image_write.h","0x140024800"
"func@0x140282b40","0.000899996","0","0","0","110000","0","ntoskrnl.exe","func@0x140282b40","[Unknown]","0x140282b40"
"stbi__extend_receive","0.000899996","0","0","440000","0","0","kip_sequential_soa_profile.exe","stbi__extend_receive","stb_image.h","0x140012f6c"
"func@0x1406a7250","0.000899996","0","0","0","330000","0","ntoskrnl.exe","func@0x1406a7250","[Unknown]","0x1406a7250"
"func@0x14029fac0","0.000899996","1","0","440000","770000","0","ntoskrnl.exe","func@0x14029fac0","[Unknown]","0x14029fac0"
"RtlAnsiCharToUnicodeChar","0.000899996","0","0","220000","0","0","ntdll.dll","RtlAnsiCharToUnicodeChar","[Unknown]","0x1800bd8a0"
"func@0x1402fcd10","0.000899996","1","0","1320000","550000","0","ntoskrnl.exe","func@0x1402fcd10","[Unknown]","0x1402fcd10"
"func@0x14024d940","0.000899996","0","","220000","330000","55022","ntoskrnl.exe","func@0x14024d940","[Unknown]","0x14024d940"
"func@0x1402fd4b0","0.000899996","0","0","220000","330000","0","ntoskrnl.exe","func@0x1402fd4b0","[Unknown]","0x1402fd4b0"
"std::vector<unsigned char,std::allocator<unsigned char> >::operator[]","0.000899996","0","0","1100000","220000","0","kip_sequential_soa_profile.exe","std::vector<unsigned char,std::allocator<unsigned char> >::operator[]","vector","0x14000e903"
"func@0x18000bf20","0.000899996","0","0","5280000","880000","0","ucrtbase.dll","func@0x18000bf20","[Unknown]","0x18000bf20"
"func@0x18001b8a0","0.000899996","0","0","2640000","7040000","0","ucrtbase.dll","func@0x18001b8a0","[Unknown]","0x18001b8a0"
"stbi__jpeg_finish","0.000599997","0","0","880000","110000","0","kip_sequential_soa_profile.exe","stbi__jpeg_finish","stb_image.h","0x140013a23"
"func@0x1405f8e00","0.000599997","0","0","220000","330000","0","atc.sys","func@0x1405f8e00","[Unknown]","0x1405f8e00"
"ExAcquireCacheAwarePushLockSharedEx","0.000599997","0","0","0","220000","0","ntoskrnl.exe","ExAcquireCacheAwarePushLockSharedEx","[Unknown]","0x140314790"
"func@0x18001b950","0.000599997","0","0","2640000","4510000","0","ucrtbase.dll","func@0x18001b950","[Unknown]","0x18001b950"
"func@0x1402c6150","0.000599997","0.333333","0","660000","770000","0","ntoskrnl.exe","func@0x1402c6150","[Unknown]","0x1402c6150"
"func@0x18001b850","0.000599997","0","0","2640000","1760000","0","ucrtbase.dll","func@0x18001b850","[Unknown]","0x18001b850"
"func@0x140242e20","0.000599997","0","0","220000","880000","0","ntoskrnl.exe","func@0x140242e20","[Unknown]","0x140242e20"
"func@0x1402a1bf0","0.000599997","0","0","0","330000","0","ntoskrnl.exe","func@0x1402a1bf0","[Unknown]","0x1402a1bf0"
"func@0x1406bf883","0.000599997","0","0","220000","110000","0","ntoskrnl.exe","func@0x1406bf883","[Unknown]","0x1406bf883"
"fread","0.000599997","0","0","660000","110000","0","ucrtbase.dll","fread","[Unknown]","0x18001de00"
"func@0x1402ce820","0.000599997","0","0","0","110000","0","ntoskrnl.exe","func@0x1402ce820","[Unknown]","0x1402ce820"
"func@0x14027cf20","0.000599997","0","0","660000","770000","0","ntoskrnl.exe","func@0x14027cf20","[Unknown]","0x14027cf20"
"ExFreePoolWithTag","0.000599997","0","0","220000","110000","0","ntoskrnl.exe","ExFreePoolWithTag","[Unknown]","0x140b74870"
"func@0x140298af0","0.000599997","0","0","220000","220000","0","ntoskrnl.exe","func@0x140298af0","[Unknown]","0x140298af0"
"func@0x14023c870","0.000599997","0","0","660000","330000","0","ntoskrnl.exe","func@0x14023c870","[Unknown]","0x14023c870"
"func@0x140250fc0","0.000599997","0","0","1320000","770000","0","ntoskrnl.exe","func@0x140250fc0","[Unknown]","0x140250fc0"
"func@0x1404f1d10","0.000599997","0","0","1100000","220000","0","ntoskrnl.exe","func@0x1404f1d10","[Unknown]","0x1404f1d10"
"stbiw__jpg_calcBits","0.000599997","0","0","2640000","1650000","0","kip_sequential_soa_profile.exe","stbiw__jpg_calcBits","stb_image_write.h","0x140024930"
"func@0x1402498a0","0.000599997","1","0","3300000","1100000","0","ntoskrnl.exe","func@0x1402498a0","[Unknown]","0x1402498a0"
"func@0x1402fe9a0","0.000599997","1","0","1540000","770000","0","ntoskrnl.exe","func@0x1402fe9a0","[Unknown]","0x1402fe9a0"
"func@0x1402402c0","0.000599997","0","0","0","0","0","ntoskrnl.exe","func@0x1402402c0","[Unknown]","0x1402402c0"
"func@0x140296dd2","0.000599997","0","0","220000","0","0","ntoskrnl.exe","func@0x140296dd2","[Unknown]","0x140296dd2"
"std::vector<unsigned char,std::allocator<unsigned char> >::operator[]","0.000599997","0","0","3520000","2310000","0","kip_sequential_soa_profile.exe","std::vector<unsigned char,std::allocator<unsigned char> >::operator[]","vector","0x1400264f1"
"func@0x140331740","0.000599997","0.5","0","440000","220000","0","ntoskrnl.exe","func@0x140331740","[Unknown]","0x140331740"
"func@0x1402a03b0","0.000599997","0","0","660000","660000","0","ntoskrnl.exe","func@0x1402a03b0","[Unknown]","0x1402a03b0"
"func@0x1402fe397","0.000599997","0","0","880000","330000","0","ntoskrnl.exe","func@0x1402fe397","[Unknown]","0x1402fe397"
"memcpy","0.000599997","0","0","660000","550000","0","ucrtbase.dll","memcpy","[Unknown]","0x1800ee2d0"
"std::vector<unsigned char,std::allocator<unsigned char> >::operator[]","0.000599997","0","0","220000","550000","0","kip_sequential_soa_profile.exe","std::vector<unsigned char,std::allocator<unsigned char> >::operator[]","vector","0x14000e53a"
"func@0x1406b4410","0.000599997","0","0","0","0","0","ntoskrnl.exe","func@0x1406b4410","[Unknown]","0x1406b4410"
"func@0x140311af2","0.000599997","0","0","1320000","1100000","0","ntoskrnl.exe","func@0x140311af2","[Unknown]","0x140311af2"
"stbi__stdio_read","0.000599997","0","0","220000","110000","0","kip_sequential_soa_profile.exe","stbi__stdio_read(void *, char *, int)","stb_image.h","0x14000ecb0"
"func@0x14027ae90","0.000599997","0","0","0","220000","0","ntoskrnl.exe","func@0x14027ae90","[Unknown]","0x14027ae90"
"func@0x14024e770","0.000599997","0","0","440000","880000","0","ntoskrnl.exe","func@0x14024e770","[Unknown]","0x14024e770"
"func@0x1402783ef","0.000599997","0","0","0","220000","0","ntoskrnl.exe","func@0x1402783ef","[Unknown]","0x1402783ef"
"func@0x1403637e0","0.000599997","0","0","880000","550000","0","ntoskrnl.exe","func@0x1403637e0","[Unknown]","0x1403637e0"
"func@0x1402a06c0","0.000599997","","0","0","220000","0","ntoskrnl.exe","func@0x1402a06c0","[Unknown]","0x1402a06c0"
"func@0x1402d14a0","0.000599997","0","0","0","0","0","ntoskrnl.exe","func@0x1402d14a0","[Unknown]","0x1402d14a0"
"func@0x14031bf10","0.000299999","0","0","0","0","0","ntoskrnl.exe","func@0x14031bf10","[Unknown]","0x14031bf10"
"func@0x14029e750","0.000299999","0","0","0","110000","0","ntoskrnl.exe","func@0x14029e750","[Unknown]","0x14029e750"
"func@0x18002e540","0.000299999","0","0","0","0","0","bdhkm64.dll","func@0x18002e540","[Unknown]","0x18002e540"
"func@0x180006dfc","0.000299999","0","0","0","0","0","apphelp.dll","func@0x180006dfc","[Unknown]","0x180006dfc"
"func@0x1f154","0.000299999","0","0","0","0","0","sepdrv5.sys","func@0x1f154","[Unknown]","0x1f154"
"func@0x18001c080","0.000299999","0","0","0","0","0","atcuf64.dll","func@0x18001c080","[Unknown]","0x18001c080"
"func@0x18004152e","0.000299999","0","0","880000","550000","0","ntdll.dll","func@0x18004152e","[Unknown]","0x18004152e"
"RtlAcquireSRWLockShared","0.000299999","0","0","0","110000","0","ntdll.dll","RtlAcquireSRWLockShared","[Unknown]","0x18003cc20"
"func@0x180127b8c","0.000299999","0","0","0","0","0","ntdll.dll","func@0x180127b8c","[Unknown]","0x180127b8c"
"func@0x180134a34","0.000299999","0","0","440000","0","0","ntdll.dll","func@0x180134a34","[Unknown]","0x180134a34"
"func@0x18001bcc0","0.000299999","0","0","660000","5170000","0","ucrtbase.dll","func@0x18001bcc0","[Unknown]","0x18001bcc0"
"func@0x18000d920","0.000299999","0","0","0","0","0","bdhkm64.dll","func@0x18000d920","[Unknown]","0x18000d920"
"func@0x14023a1d0","0.000299999","0","0","1320000","330000","0","ntoskrnl.exe","func@0x14023a1d0","[Unknown]","0x14023a1d0"
"RtlReleaseSRWLockShared","0.000299999","0","0","0","0","0","ntdll.dll","RtlReleaseSRWLockShared","[Unknown]","0x18003cc80"
"func@0x14025ff70","0.000299999","0","0","440000","0","0","ntoskrnl.exe","func@0x14025ff70","[Unknown]","0x14025ff70"
"RtlLookupElementGenericTableAvl","0.000299999","0","0","0","0","0","ntoskrnl.exe","RtlLookupElementGenericTableAvl","[Unknown]","0x1403f7dc0"
"func@0x1800064b0","0.000299999","0","0","220000","0","0","fltmgr.sys","func@0x1800064b0","[Unknown]","0x1800064b0"
"std::vector<unsigned char,std::allocator<unsigned char> >::operator[]","0.000299999","0","0","5500000","2200000","0","kip_sequential_soa_profile.exe","std::vector<unsigned char,std::allocator<unsigned char> >::operator[]","vector","0x14000e914"
"func@0x18004f56c","0.000299999","0","0","0","0","0","ntdll.dll","func@0x18004f56c","[Unknown]","0x18004f56c"
"ExAcquirePushLockExclusiveEx","0.000299999","0","0","0","0","0","ntoskrnl.exe","ExAcquirePushLockExclusiveEx","[Unknown]","0x140314960"
"func@0x14043f70c","0.000299999","0","0","440000","0","0","ntoskrnl.exe","func@0x14043f70c","[Unknown]","0x14043f70c"
"func@0x18000b730","0.000299999","0","0","660000","440000","0","fltmgr.sys","func@0x18000b730","[Unknown]","0x18000b730"
"stbiw__jpg_writeBits","0.000299999","0","0","440000","220000","0","kip_sequential_soa_profile.exe","stbiw__jpg_writeBits","stb_image_write.h","0x14002468e"
"func@0x14039b240","0.000299999","0","0","0","0","0","atc.sys","func@0x14039b240","[Unknown]","0x14039b240"
"func@0x140416040","0.000299999","0","0","0","0","0","atc.sys","func@0x140416040","[Unknown]","0x140416040"
"func@0x1408bf1d2","0.000299999","0","0","220000","110000","0","ntoskrnl.exe","func@0x1408bf1d2","[Unknown]","0x1408bf1d2"
"func@0x180009542","0.000299999","0","0","0","110000","0","fltmgr.sys","func@0x180009542","[Unknown]","0x180009542"
"func@0x1406163c0","0.000299999","0","0","0","0","0","atc.sys","func@0x1406163c0","[Unknown]","0x1406163c0"
"func@0x1400b694c","0.000299999","","0","0","0","0","atc.sys","func@0x1400b694c","[Unknown]","0x1400b694c"
"func@0x14026c040","0.000299999","0","0","440000","220000","0","atc.sys","func@0x14026c040","[Unknown]","0x14026c040"
"func@0x140006960","0.000299999","0","0","660000","220000","0","atc.sys","func@0x140006960","[Unknown]","0x140006960"
"func@0x1405eee00","0.000299999","0","0","0","110000","0","atc.sys","func@0x1405eee00","[Unknown]","0x1405eee00"
"func@0x1801668c0","0.000299999","0","0","0","0","0","ntdll.dll","func@0x1801668c0","[Unknown]","0x1801668c0"
"func@0x14000b410","0.000299999","0","0","220000","220000","0","ntfs.sys","func@0x14000b410","[Unknown]","0x14000b410"
"func@0x14090e980","0.000299999","0","0","0","0","0","ntoskrnl.exe","func@0x14090e980","[Unknown]","0x14090e980"
"ExAcquireAutoExpandPushLockShared","0.000299999","0","0","220000","220000","0","ntoskrnl.exe","ExAcquireAutoExpandPushLockShared","[Unknown]","0x140314840"
"func@0x140241e6e","0.000299999","0","0","220000","330000","0","ntoskrnl.exe","func@0x140241e6e","[Unknown]","0x140241e6e"
"RtlDeactivateActivationContextUnsafeFast","0.000299999","0","0","0","0","0","ntdll.dll","RtlDeactivateActivationContextUnsafeFast","[Unknown]","0x18003bf70"
"func@0x140363e30","0.000299999","0","0","0","0","0","ntoskrnl.exe","func@0x140363e30","[Unknown]","0x140363e30"
"ExAcquirePushLockSharedEx","0.000299999","0","0","0","0","0","ntoskrnl.exe","ExAcquirePushLockSharedEx","[Unknown]","0x140315160"
"func@0x140314f30","0.000299999","0","0","0","220000","0","ntoskrnl.exe","func@0x140314f30","[Unknown]","0x140314f30"
"func@0x140329e30","0.000299999","0","0","220000","0","0","ntoskrnl.exe","func@0x140329e30","[Unknown]","0x140329e30"
"ExAcquireRundownProtectionCacheAwareEx","0.000299999","0","0","220000","0","0","ntoskrnl.exe","ExAcquireRundownProtectionCacheAwareEx","[Unknown]","0x140408170"
"func@0x140329620","0.000299999","0","0","0","0","0","ntoskrnl.exe","func@0x140329620","[Unknown]","0x140329620"
"RtlFormatCurrentUserKeyPath","0.000299999","0","0","0","0","0","ntdll.dll","RtlFormatCurrentUserKeyPath","[Unknown]","0x180018c40"
"func@0x1800413b9","0.000299999","0","0","440000","1100000","0","ntdll.dll","func@0x1800413b9","[Unknown]","0x1800413b9"
"func@0x1800e6230","0.000299999","0","0","0","0","0","ntdll.dll","func@0x1800e6230","[Unknown]","0x1800e6230"
"stbiw__jpg_writeBits","0.000299999","0","0","220000","220000","0","kip_sequential_soa_profile.exe","stbiw__jpg_writeBits","stb_image_write.h","0x140024a82"
"func@0x140006ea0","0.000299999","0","0","0","0","0","volsnap.sys","func@0x140006ea0","[Unknown]","0x140006ea0"
"stbiw__jpg_writeBits","0.000299999","0","0","0","0","0","kip_sequential_soa_profile.exe","stbiw__jpg_writeBits","stb_image_write.h","0x140024880"
"func@0x1800094a0","0.000299999","0","0","220000","0","0","fltmgr.sys","func@0x1800094a0","[Unknown]","0x1800094a0"
"func@0x1402fe64c","0.000299999","0","0","220000","330000","0","ntoskrnl.exe","func@0x1402fe64c","[Unknown]","0x1402fe64c"
"ExReleaseRundownProtectionCacheAware","0.000299999","0","0","0","0","0","ntoskrnl.exe","ExReleaseRundownProtectionCacheAware","[Unknown]","0x14022ab80"
"ExAcquireRundownProtectionCacheAware","0.000299999","0","0","0","0","0","ntoskrnl.exe","ExAcquireRundownProtectionCacheAware","[Unknown]","0x1402387b0"
"ExAllocatePool2","0.000299999","0","0","0","0","0","ntoskrnl.exe","ExAllocatePool2","[Unknown]","0x140b740f0"
"func@0x140344f90","0.000299999","0","0","0","0","0","ntoskrnl.exe","func@0x140344f90","[Unknown]","0x140344f90"
"func@0x1404e0010","0.000299999","0","0","0","0","0","ntoskrnl.exe","func@0x1404e0010","[Unknown]","0x1404e0010"
"func@0x1403b24c0","0.000299999","0","0","0","0","0","ntoskrnl.exe","func@0x1403b24c0","[Unknown]","0x1403b24c0"
"func@0x1404e0fa8","0.000299999","0","0","220000","0","0","ntoskrnl.exe","func@0x1404e0fa8","[Unknown]","0x1404e0fa8"
"func@0x1402fdfc0","0.000299999","0","0","440000","0","0","ntoskrnl.exe","func@0x1402fdfc0","[Unknown]","0x1402fdfc0"
"func@0x1402990b0","0.000299999","0","0","220000","110000","0","ntoskrnl.exe","func@0x1402990b0","[Unknown]","0x1402990b0"
"func@0x14029b78c","0.000299999","0","0","0","0","0","ntoskrnl.exe","func@0x14029b78c","[Unknown]","0x14029b78c"
"ObfReferenceObjectWithTag","0.000299999","0","0","0","0","0","ntoskrnl.exe","ObfReferenceObjectWithTag","[Unknown]","0x1403150c0"
"func@0x14030fecd","0.000299999","0","0","440000","110000","0","ntoskrnl.exe","func@0x14030fecd","[Unknown]","0x14030fecd"
"IoGetStackLimits","0.000299999","0","0","0","110000","0","ntoskrnl.exe","IoGetStackLimits","[Unknown]","0x140236ae0"
"func@0x14020c860","0.000299999","0","0","0","0","0","ntoskrnl.exe","func@0x14020c860","[Unknown]","0x14020c860"
"func@0x14030fd30","0.000299999","0","0","0","110000","0","ntoskrnl.exe","func@0x14030fd30","[Unknown]","0x14030fd30"
"func@0x14022e0a0","0.000299999","0","0","0","0","0","ntoskrnl.exe","func@0x14022e0a0","[Unknown]","0x14022e0a0"
"func@0x1401c37c0","0.000299999","0","0","0","0","0","atc.sys","func@0x1401c37c0","[Unknown]","0x1401c37c0"
"KeQueryPerformanceCounter","0.000299999","0","0","0","0","0","ntoskrnl.exe","KeQueryPerformanceCounter","[Unknown]","0x140363710"
"func@0x140283ead","0.000299999","0","0","0","0","0","ntoskrnl.exe","func@0x140283ead","[Unknown]","0x140283ead"
"func@0x140036850","0.000299999","0","0","0","0","0","vlflt.sys","func@0x140036850","[Unknown]","0x140036850"
"KeSetEvent","0.000299999","0","0","0","0","0","ntoskrnl.exe","KeSetEvent","[Unknown]","0x140227340"
"func@0x14027d21a","0.000299999","0","0","880000","770000","0","ntoskrnl.exe","func@0x14027d21a","[Unknown]","0x14027d21a"
"func@0x1406b6883","0.000299999","0","0","0","0","0","ntoskrnl.exe","func@0x1406b6883","[Unknown]","0x1406b6883"
"func@0x180010040","0.000299999","0","0","0","0","0","fltmgr.sys","func@0x180010040","[Unknown]","0x180010040"
"func@0x14022ae00","0.000299999","0","0","0","0","0","ntoskrnl.exe","func@0x14022ae00","[Unknown]","0x14022ae00"
"func@0x14041b940","0.000299999","0","0","0","0","0","ntoskrnl.exe","func@0x14041b940","[Unknown]","0x14041b940"
"func@0x140929e5e","0.000299999","0","0","0","0","0","ntoskrnl.exe","func@0x140929e5e","[Unknown]","0x140929e5e"
"func@0x140292030","0.000299999","0","0","0","110000","0","ntoskrnl.exe","func@0x140292030","[Unknown]","0x140292030"
"func@0x1406b473f","0.000299999","","0","0","0","0","ntoskrnl.exe","func@0x1406b473f","[Unknown]","0x1406b473f"
"CcCopyReadEx","0.000299999","0","0","0","0","0","ntoskrnl.exe","CcCopyReadEx","[Unknown]","0x1404d5420"
"ExReleaseRundownProtectionCacheAwareEx","0.000299999","0","0","660000","110000","0","ntoskrnl.exe","ExReleaseRundownProtectionCacheAwareEx","[Unknown]","0x14027f3a0"
"func@0x140227496","0.000299999","0","0","0","0","0","ntoskrnl.exe","func@0x140227496","[Unknown]","0x140227496"
"func@0x1406c2140","0.000299999","0","0","0","440000","0","ntoskrnl.exe","func@0x1406c2140","[Unknown]","0x1406c2140"
"func@0x14042ee00","0.000299999","0","0","220000","330000","0","ntoskrnl.exe","func@0x14042ee00","[Unknown]","0x14042ee00"
"func@0x1406b3623","0.000299999","0","0","0","110000","0","ntoskrnl.exe","func@0x1406b3623","[Unknown]","0x1406b3623"
"func@0x14021ffd0","0.000299999","0","0","0","0","0","ntoskrnl.exe","func@0x14021ffd0","[Unknown]","0x14021ffd0"
"func@0x14045b0c0","0.000299999","0","0","0","0","0","ntoskrnl.exe","func@0x14045b0c0","[Unknown]","0x14045b0c0"
"func@0x1403642d0","0.000299999","0","0","220000","0","0","ntoskrnl.exe","func@0x1403642d0","[Unknown]","0x1403642d0"
"func@0x140250d34","0.000299999","0","0","0","0","0","ntoskrnl.exe","func@0x140250d34","[Unknown]","0x140250d34"
"func@0x1402d079c","0.000299999","0","0","0","0","0","ntoskrnl.exe","func@0x1402d079c","[Unknown]","0x1402d079c"
"func@0x1403619d0","0.000299999","0","0","220000","110000","0","ntoskrnl.exe","func@0x1403619d0","[Unknown]","0x1403619d0"
"func@0x1402506ec","0.000299999","0","0","220000","0","0","ntoskrnl.exe","func@0x1402506ec","[Unknown]","0x1402506ec"
"func@0x14029b041","0.000299999","0","0","0","0","0","ntoskrnl.exe","func@0x14029b041","[Unknown]","0x14029b041"
"func@0x1402fb450","0.000299999","0","0","0","110000","0","ntoskrnl.exe","func@0x1402fb450","[Unknown]","0x1402fb450"
"stbi__addints_valid","0.000299999","0","0","2640000","2090000","0","kip_sequential_soa_profile.exe","stbi__addints_valid","stb_image.h","0x140021e8b"
"ObLogSecurityDescriptor","0.000299999","0","0","0","0","0","ntoskrnl.exe","ObLogSecurityDescriptor","[Unknown]","0x140837aa0"
"func@0x1402bd0a0","0.000299999","0","0","220000","110000","0","ntoskrnl.exe","func@0x1402bd0a0","[Unknown]","0x1402bd0a0"
"func@0x14029f65c","0.000299999","0","0","220000","110000","0","ntoskrnl.exe","func@0x14029f65c","[Unknown]","0x14029f65c"
"func@0x14023b3f0","0.000299999","0","0","220000","0","0","ntoskrnl.exe","func@0x14023b3f0","[Unknown]","0x14023b3f0"
"func@0x14041bab0","0.000299999","0","0","220000","110000","0","ntoskrnl.exe","func@0x14041bab0","[Unknown]","0x14041bab0"
"func@0x14001d190","0.000299999","0","0","0","0","0","classpnp.sys","func@0x14001d190","[Unknown]","0x14001d190"
"func@0x140480bc0","0.000299999","0","0","0","0","0","atc.sys","func@0x140480bc0","[Unknown]","0x140480bc0"
"KeClockInterruptNotify","0.000299999","0","0","440000","0","0","ntoskrnl.exe","KeClockInterruptNotify","[Unknown]","0x14030f2c0"
"func@0x1402262a0","0.000299999","0","0","0","0","0","ntoskrnl.exe","func@0x1402262a0","[Unknown]","0x1402262a0"
"fread_nolock_s","0.000299999","0","0","220000","0","0","ucrtbase.dll","fread_nolock_s","[Unknown]","0x18001def0"
"func@0x1402bcd80","0.000299999","0","0","0","0","0","ntoskrnl.exe","func@0x1402bcd80","[Unknown]","0x1402bcd80"
"func@0x1402d6620","0.000299999","0","0","0","0","0","ntoskrnl.exe","func@0x1402d6620","[Unknown]","0x1402d6620"
"func@0x14027a0b0","0.000299999","0","0","220000","0","0","ntoskrnl.exe","func@0x14027a0b0","[Unknown]","0x14027a0b0"
"func@0x14031f584","0.000299999","0","0","0","0","0","ntoskrnl.exe","func@0x14031f584","[Unknown]","0x14031f584"
"func@0x14029c790","0.000299999","0","0","0","0","0","ntoskrnl.exe","func@0x14029c790","[Unknown]","0x14029c790"
"func@0x1406ae580","0.000299999","0","0","0","0","0","ntoskrnl.exe","func@0x1406ae580","[Unknown]","0x1406ae580"
"func@0x1402a0f93","0.000299999","0","0","0","110000","0","ntoskrnl.exe","func@0x1402a0f93","[Unknown]","0x1402a0f93"
"func@0x1402a5490","0.000299999","0","0","0","0","0","ntoskrnl.exe","func@0x1402a5490","[Unknown]","0x1402a5490"
"func@0x140393100","0.000299999","0","0","0","0","0","ntoskrnl.exe","func@0x140393100","[Unknown]","0x140393100"
"func@0x140285b30","0.000299999","0","0","0","0","0","ntoskrnl.exe","func@0x140285b30","[Unknown]","0x140285b30"
"func@0x140237200","0.000299999","0","0","0","0","0","ntoskrnl.exe","func@0x140237200","[Unknown]","0x140237200"
"func@0x140227ad0","0.000299999","0","0","220000","0","0","ntoskrnl.exe","func@0x140227ad0","[Unknown]","0x140227ad0"
"ExReleaseAutoExpandPushLockShared","0.000299999","0","0","0","0","0","ntoskrnl.exe","ExReleaseAutoExpandPushLockShared","[Unknown]","0x140283d90"
"func@0x140a134a4","0.000299999","0","0","0","0","0","ntoskrnl.exe","func@0x140a134a4","[Unknown]","0x140a134a4"
"func@0x1405f0380","0","0","0","0","110000","0","atc.sys","func@0x1405f0380","[Unknown]","0x1405f0380"
"func@0x140320ee0","0","0","0","0","110000","0","atc.sys","func@0x140320ee0","[Unknown]","0x140320ee0"
"func@0x140414da0","0","0","0","440000","220000","0","atc.sys","func@0x140414da0","[Unknown]","0x140414da0"
"func@0x1403f7e20","0","0","0","220000","0","0","atc.sys","func@0x1403f7e20","[Unknown]","0x1403f7e20"
"func@0x1405f07e0","0","0","0","0","110000","0","atc.sys","func@0x1405f07e0","[Unknown]","0x1405f07e0"
"func@0x140234c90","0","0","0","0","110000","0","ntoskrnl.exe","func@0x140234c90","[Unknown]","0x140234c90"
"DpiGetSchedulerCallbackState","0","0","0","0","110000","0","dxgkrnl.sys","DpiGetSchedulerCallbackState","[Unknown]","0x140034790"
"func@0x140616d00","0","0","0","220000","0","0","atc.sys","func@0x140616d00","[Unknown]","0x140616d00"
"NtReadFile","0","0","0","220000","0","0","ntdll.dll","NtReadFile","[Unknown]","0x180160430"
"std::vector<unsigned char,std::allocator<unsigned char> >::operator[]","0","0","0","220000","0","0","kip_sequential_soa_profile.exe","std::vector<unsigned char,std::allocator<unsigned char> >::operator[]","vector","0x1400264c2"
"RtlAnsiStringToUnicodeString","0","0","0","220000","0","0","ntdll.dll","RtlAnsiStringToUnicodeString","[Unknown]","0x180039960"
"func@0x1405ea707","0","0","0","0","110000","0","atc.sys","func@0x1405ea707","[Unknown]","0x1405ea707"
"func@0x1402e4ae0","0","0","0","220000","110000","0","atc.sys","func@0x1402e4ae0","[Unknown]","0x1402e4ae0"
"func@0x18005a0ac","0","0","0","220000","0","0","ntdll.dll","func@0x18005a0ac","[Unknown]","0x18005a0ac"
"func@0x1800264cc","0","0","0","0","110000","0","apphelp.dll","func@0x1800264cc","[Unknown]","0x1800264cc"
"func@0x1402ca3e0","0","0","0","0","0","0","igdkmdn64.sys","func@0x1402ca3e0","[Unknown]","0x1402ca3e0"
"func@0x140241100","0","0","0","220000","0","0","ntoskrnl.exe","func@0x140241100","[Unknown]","0x140241100"
"ExReleaseSpinLockShared","0","0","0","0","0","0","ntoskrnl.exe","ExReleaseSpinLockShared","[Unknown]","0x140219330"
"func@0x18002e9f0","0","0","0","0","550000","0","cng.sys","func@0x18002e9f0","[Unknown]","0x18002e9f0"
"stbi__build_fast_ac","0","0","0","0","110000","0","kip_sequential_soa_profile.exe","stbi__build_fast_ac","stb_image.h","0x140020220"
"EntropyProvideData","0","0","0","0","110000","0","cng.sys","EntropyProvideData","[Unknown]","0x18002e130"
"func@0x1800d7320","0","0","0","220000","0","0","ntdll.dll","func@0x1800d7320","[Unknown]","0x1800d7320"
"func@0x14029ef34","0","0","0","0","330000","0","ntoskrnl.exe","func@0x14029ef34","[Unknown]","0x14029ef34"
"func@0x1404efaa0","0","0","0","220000","110000","0","ntoskrnl.exe","func@0x1404efaa0","[Unknown]","0x1404efaa0"
"func@0x14029229c","0","0","0","220000","0","0","ntoskrnl.exe","func@0x14029229c","[Unknown]","0x14029229c"
"func@0x140256eb5","0","0","0","220000","110000","0","ntoskrnl.exe","func@0x140256eb5","[Unknown]","0x140256eb5"
"func@0x1800a5b00","0","0","0","0","110000","0","cng.sys","func@0x1800a5b00","[Unknown]","0x1800a5b00"
"func@0x1402416e0","0","0","0","0","110000","0","ntoskrnl.exe","func@0x1402416e0","[Unknown]","0x1402416e0"
"func@0x1403e8fc3","0","0","0","220000","110000","0","ntoskrnl.exe","func@0x1403e8fc3","[Unknown]","0x1403e8fc3"
"func@0x140bc076a","0","0","0","440000","0","0","ntoskrnl.exe","func@0x140bc076a","[Unknown]","0x140bc076a"
"func@0x18002e680","0","0","0","0","110000","0","cng.sys","func@0x18002e680","[Unknown]","0x18002e680"
"func@0x140222370","0","0","0","440000","0","0","ntoskrnl.exe","func@0x140222370","[Unknown]","0x140222370"
"func@0x1402ff8e7","0","0","0","0","110000","0","ntoskrnl.exe","func@0x1402ff8e7","[Unknown]","0x1402ff8e7"
"func@0x1402467b0","0","0","0","440000","110000","0","ntoskrnl.exe","func@0x1402467b0","[Unknown]","0x1402467b0"
"func@0x140879ef1","0","0","0","220000","0","0","ntoskrnl.exe","func@0x140879ef1","[Unknown]","0x140879ef1"
"func@0x180050e90","0","0","0","220000","0","0","cng.sys","func@0x180050e90","[Unknown]","0x180050e90"
"func@0x14084aca0","0","0","0","0","110000","0","ntoskrnl.exe","func@0x14084aca0","[Unknown]","0x14084aca0"
"func@0x14024315c","0","0","0","0","110000","0","ntoskrnl.exe","func@0x14024315c","[Unknown]","0x14024315c"
"func@0x140342b60","0","0","0","0","110000","0","ntoskrnl.exe","func@0x140342b60","[Unknown]","0x140342b60"
"wcsicmp","0","0","0","220000","0","0","ntdll.dll","wcsicmp","[Unknown]","0x180120e70"
"func@0x1406b4c60","0","0","0","220000","220000","0","ntoskrnl.exe","func@0x1406b4c60","[Unknown]","0x1406b4c60"
"strrchr","0","0","0","0","110000","0","ntdll.dll","strrchr","[Unknown]","0x180124b50"
"func@0x1402c6b30","0","0","0","220000","0","0","ntoskrnl.exe","func@0x1402c6b30","[Unknown]","0x1402c6b30"
"func@0x140849130","0","0","0","220000","220000","0","ntoskrnl.exe","func@0x140849130","[Unknown]","0x140849130"
"stbi__refill_buffer","0","0","0","0","220000","0","kip_sequential_soa_profile.exe","stbi__refill_buffer","stb_image.h","0x140021b41"
"func@0x14091a10d","0","0","0","0","110000","0","ntoskrnl.exe","func@0x14091a10d","[Unknown]","0x14091a10d"
"func@0x14024de1d","0","0","0","220000","0","0","ntoskrnl.exe","func@0x14024de1d","[Unknown]","0x14024de1d"
"func@0x1c0001dc0","0","0","0","0","110000","0","fileinfo.sys","func@0x1c0001dc0","[Unknown]","0x1c0001dc0"
"func@0x1402ffdb7","0","0","0","0","110000","0","ntoskrnl.exe","func@0x1402ffdb7","[Unknown]","0x1402ffdb7"
"ExAcquireAutoExpandPushLockExclusive","0","0","0","0","110000","0","ntoskrnl.exe","ExAcquireAutoExpandPushLockExclusive","[Unknown]","0x1403131a0"
"FltGetStreamHandleContext","0","0","0","220000","110000","0","fltmgr.sys","FltGetStreamHandleContext","[Unknown]","0x180008e90"
"RtlUnicodeToMultiByteN","0","0","0","220000","0","0","ntdll.dll","RtlUnicodeToMultiByteN","[Unknown]","0x18007ecd0"
"func@0x1800092d6","0","0","0","220000","220000","0","fltmgr.sys","func@0x1800092d6","[Unknown]","0x1800092d6"
"RtlGetNextExpiredTimerWheelEntry","0","0","0","0","110000","0","netio.sys","RtlGetNextExpiredTimerWheelEntry","[Unknown]","0x140033d50"
"func@0x180008fb4","0","0","0","440000","0","0","fltmgr.sys","func@0x180008fb4","[Unknown]","0x180008fb4"
"func@0x1403c2aa0","0","0","0","440000","0","0","ntoskrnl.exe","func@0x1403c2aa0","[Unknown]","0x1403c2aa0"
"func@0x180010074","0","0","0","0","110000","0","fltmgr.sys","func@0x180010074","[Unknown]","0x180010074"
"func@0x1403c8943","0","0","0","220000","0","0","ntoskrnl.exe","func@0x1403c8943","[Unknown]","0x1403c8943"
"func@0x140228c90","0","0","0","0","110000","0","ntoskrnl.exe","func@0x140228c90","[Unknown]","0x140228c90"
"NtCreateSection","0","0","0","220000","0","0","ntdll.dll","NtCreateSection","[Unknown]","0x180160cb0"
"func@0x18001dcd0","0","0","0","0","110000","0","fltmgr.sys","func@0x18001dcd0","[Unknown]","0x18001dcd0"
"func@0x1402a5560","0","0","0","0","110000","0","ntoskrnl.exe","func@0x1402a5560","[Unknown]","0x1402a5560"
"[bfs.sys]","0","0","0","0","110000","0","bfs.sys","[bfs.sys]","[Unknown]","0"
"func@0x140341db0","0","0","0","0","110000","0","ntoskrnl.exe","func@0x140341db0","[Unknown]","0x140341db0"
"ExReleasePushLockEx","0","0","0","220000","220000","0","ntoskrnl.exe","ExReleasePushLockEx","[Unknown]","0x1402842d0"
"RtlCompareUnicodeString","0","0","0","220000","0","0","ntoskrnl.exe","RtlCompareUnicodeString","[Unknown]","0x140935050"
"func@0x140241500","0","0","0","660000","880000","0","ntoskrnl.exe","func@0x140241500","[Unknown]","0x140241500"
"func@0x180009500","0","0","0","0","110000","0","fltmgr.sys","func@0x180009500","[Unknown]","0x180009500"
"func@0x14084546a","0","0","0","0","110000","0","ntoskrnl.exe","func@0x14084546a","[Unknown]","0x14084546a"
"ObfDereferenceObject","0","0","0","0","110000","0","ntoskrnl.exe","ObfDereferenceObject","[Unknown]","0x1402c39e0"
"func@0x18005edd0","0","0","0","0","110000","0","fltmgr.sys","func@0x18005edd0","[Unknown]","0x18005edd0"
"func@0x18000dff0","0","0","0","440000","110000","0","fltmgr.sys","func@0x18000dff0","[Unknown]","0x18000dff0"
"func@0x140844f10","0","0","0","0","110000","0","ntoskrnl.exe","func@0x140844f10","[Unknown]","0x140844f10"
"func@0x140844560","0","0","0","220000","0","0","ntoskrnl.exe","func@0x140844560","[Unknown]","0x140844560"
"func@0x180024580","0","0","0","0","110000","0","fltmgr.sys","func@0x180024580","[Unknown]","0x180024580"
"func@0x18000ec8a","0","0","0","0","110000","0","fltmgr.sys","func@0x18000ec8a","[Unknown]","0x18000ec8a"
"FltAcquirePushLockShared","0","0","0","220000","0","0","fltmgr.sys","FltAcquirePushLockShared","[Unknown]","0x180013c40"
"func@0x1402fd9ef","0","0","0","440000","0","0","ntoskrnl.exe","func@0x1402fd9ef","[Unknown]","0x1402fd9ef"
"ExpInterlockedPushEntrySList","0","0","0","220000","0","0","ntoskrnl.exe","ExpInterlockedPushEntrySList","[Unknown]","0x1406b51a0"
"stbi__jpeg_get_bits","0","0","0","440000","0","0","kip_sequential_soa_profile.exe","stbi__jpeg_get_bits","stb_image.h","0x14001319d"
"func@0x14026cf20","0","0","0","220000","110000","55022","ntoskrnl.exe","func@0x14026cf20","[Unknown]","0x14026cf20"
"fread_s","0","0","0","0","110000","0","ucrtbase.dll","fread_s","[Unknown]","0x18001de30"
"func@0x1402712c0","0","0","0","0","110000","0","ntoskrnl.exe","func@0x1402712c0","[Unknown]","0x1402712c0"
"func@0x180014d60","0","0","0","220000","0","0","bdhkm64.dll","func@0x180014d60","[Unknown]","0x180014d60"
"func@0x14029f310","0","0","0","660000","0","0","ntoskrnl.exe","func@0x14029f310","[Unknown]","0x14029f310"
"func@0x140320250","0","0","0","220000","0","0","ntoskrnl.exe","func@0x140320250","[Unknown]","0x140320250"
"func@0x14024437d","0","0","0","220000","0","0","ntoskrnl.exe","func@0x14024437d","[Unknown]","0x14024437d"
"func@0x140260a34","0","0","0","0","110000","0","ntoskrnl.exe","func@0x140260a34","[Unknown]","0x140260a34"
"func@0x14024fc30","0","0","0","440000","0","0","ntoskrnl.exe","func@0x14024fc30","[Unknown]","0x14024fc30"
"func@0x1800081d0","0","0","0","220000","0","0","ucrtbase.dll","func@0x1800081d0","[Unknown]","0x1800081d0"
"func@0x140202630","0","0","0","440000","220000","0","ntoskrnl.exe","func@0x140202630","[Unknown]","0x140202630"
"func@0x1401c7f40","0","0","0","0","110000","0","ntfs.sys","func@0x1401c7f40","[Unknown]","0x1401c7f40"
"func@0x140257ac0","0","0","0","0","110000","0","ntoskrnl.exe","func@0x140257ac0","[Unknown]","0x140257ac0"
"func@0x1401470d0","0","0","0","220000","0","0","ntfs.sys","func@0x1401470d0","[Unknown]","0x1401470d0"
"func@0x1400080b0","0","0","0","0","110000","0","dxgmms2.sys","func@0x1400080b0","[Unknown]","0x1400080b0"
"func@0x1402068e0","0","0","0","220000","110000","0","ntoskrnl.exe","func@0x1402068e0","[Unknown]","0x1402068e0"
"func@0x14023c95c","0","0","0","1540000","220000","0","ntoskrnl.exe","func@0x14023c95c","[Unknown]","0x14023c95c"
"func@0x1408489e0","0","0","0","220000","110000","0","ntoskrnl.exe","func@0x1408489e0","[Unknown]","0x1408489e0"
"func@0x14024c277","0","0","0","0","110000","0","ntoskrnl.exe","func@0x14024c277","[Unknown]","0x14024c277"
"func@0x14013cb80","0","0","0","0","110000","0","ntfs.sys","func@0x14013cb80","[Unknown]","0x14013cb80"
"func@0x140136ba0","0","0","0","220000","0","0","ntfs.sys","func@0x140136ba0","[Unknown]","0x140136ba0"
"func@0x140213710","0","0","0","440000","550000","0","ntoskrnl.exe","func@0x140213710","[Unknown]","0x140213710"
"func@0x1409230c0","0","0","0","0","110000","0","ntoskrnl.exe","func@0x1409230c0","[Unknown]","0x1409230c0"
"std::vector<unsigned char,std::allocator<unsigned char> >::operator[]","0","0","0","660000","110000","0","kip_sequential_soa_profile.exe","std::vector<unsigned char,std::allocator<unsigned char> >::operator[]","vector","0x14000e921"
"stbi__stdio_write","0","0","0","660000","330000","0","kip_sequential_soa_profile.exe","stbi__stdio_write(void *, void *, int)","stb_image_write.h","0x140023ef0"
"stbiw__putc","0","0","0","220000","0","0","kip_sequential_soa_profile.exe","stbiw__putc","stb_image_write.h","0x1400249f9"
"stbiw__putc","0","0","0","220000","110000","0","kip_sequential_soa_profile.exe","stbiw__putc","stb_image_write.h","0x1400246f3"
"func@0x1402272f0","0","0","0","220000","110000","0","ntoskrnl.exe","func@0x1402272f0","[Unknown]","0x1402272f0"
"stbiw__jpg_writeBits","0","0","0","0","220000","0","kip_sequential_soa_profile.exe","stbiw__jpg_writeBits","stb_image_write.h","0x1400245f1"
"func@0x140314fe1","0","0","0","220000","440000","0","ntoskrnl.exe","func@0x140314fe1","[Unknown]","0x140314fe1"
"func@0x1408dbb13","0","0","0","0","110000","0","ntoskrnl.exe","func@0x1408dbb13","[Unknown]","0x1408dbb13"
"ObfDereferenceObjectWithTag","0","0","0","0","110000","0","ntoskrnl.exe","ObfDereferenceObjectWithTag","[Unknown]","0x1402c3800"
"stbiw__jpg_calcBits","0","0","0","0","220000","0","kip_sequential_soa_profile.exe","stbiw__jpg_calcBits","stb_image_write.h","0x1400245ba"
"func@0x140242460","0","0","0","0","110000","0","ntoskrnl.exe","func@0x140242460","[Unknown]","0x140242460"
"func@0x140878660","0","0","0","0","110000","0","ntoskrnl.exe","func@0x140878660","[Unknown]","0x140878660"
"func@0x14083b99a","0","0","0","220000","0","0","ntoskrnl.exe","func@0x14083b99a","[Unknown]","0x14083b99a"
"func@0x14024fe10","0","1","0","440000","0","0","ntoskrnl.exe","func@0x14024fe10","[Unknown]","0x14024fe10"
"func@0x1404eff80","0","1","0","220000","0","0","ntoskrnl.exe","func@0x1404eff80","[Unknown]","0x1404eff80"
"func@0x14024ae29","0","0","0","1320000","440000","0","ntoskrnl.exe","func@0x14024ae29","[Unknown]","0x14024ae29"
"ExAcquireSpinLockShared","0","0","0","0","220000","0","ntoskrnl.exe","ExAcquireSpinLockShared","[Unknown]","0x1402b8500"
"func@0x1402ff770","0","0","0","0","220000","0","ntoskrnl.exe","func@0x1402ff770","[Unknown]","0x1402ff770"
"func@0x14031ff50","0","0","0","0","330000","0","ntoskrnl.exe","func@0x14031ff50","[Unknown]","0x14031ff50"
"stbiw__putc","0","0","0","220000","0","0","kip_sequential_soa_profile.exe","stbiw__putc","stb_image_write.h","0x140024ae3"
"func@0x1403b5b80","0","0","0","0","110000","0","ntoskrnl.exe","func@0x1403b5b80","[Unknown]","0x1403b5b80"
"func@0x1402a214c","0","0","0","220000","0","0","ntoskrnl.exe","func@0x1402a214c","[Unknown]","0x1402a214c"
"func@0x140874bb6","0","0","0","220000","0","0","ntoskrnl.exe","func@0x140874bb6","[Unknown]","0x140874bb6"
"stbiw__jpg_writeBits","0","0","0","220000","110000","0","kip_sequential_soa_profile.exe","stbiw__jpg_writeBits","stb_image_write.h","0x140024afb"
"func@0x14027dbc0","0","0","0","220000","330000","0","ntoskrnl.exe","func@0x14027dbc0","[Unknown]","0x14027dbc0"
"func@0x140222c10","0","0","0","220000","0","0","ntoskrnl.exe","func@0x140222c10","[Unknown]","0x140222c10"
"stbiw__putc","0","0","0","220000","0","0","kip_sequential_soa_profile.exe","stbiw__putc","stb_image_write.h","0x140024a48"
"func@0x140220f80","0","0","0","0","110000","0","ntoskrnl.exe","func@0x140220f80","[Unknown]","0x140220f80"
"func@0x140398a00","0","0","0","220000","0","0","ntoskrnl.exe","func@0x140398a00","[Unknown]","0x140398a00"
"func@0x1409067d0","0","0","0","0","110000","0","ntoskrnl.exe","func@0x1409067d0","[Unknown]","0x1409067d0"
"func@0x1402138b1","0","0","0","0","220000","0","ntoskrnl.exe","func@0x1402138b1","[Unknown]","0x1402138b1"
"func@0x1401564d9","0","0","0","220000","0","0","ntfs.sys","func@0x1401564d9","[Unknown]","0x1401564d9"
"func@0x140206e50","0","0","0","220000","0","0","ntoskrnl.exe","func@0x140206e50","[Unknown]","0x140206e50"
"func@0x14022ac00","0","0","0","220000","0","0","ntoskrnl.exe","func@0x14022ac00","[Unknown]","0x14022ac00"
"func@0x140006d60","0","0","0","0","110000","0","ntfs.sys","func@0x140006d60","[Unknown]","0x140006d60"
"func@0x14020c4a0","0","0","0","220000","0","0","ntoskrnl.exe","func@0x14020c4a0","[Unknown]","0x14020c4a0"
"func@0x1402be140","0","0","0","0","220000","0","ntoskrnl.exe","func@0x1402be140","[Unknown]","0x1402be140"
"func@0x14027fcd0","0","0","0","220000","0","0","ntoskrnl.exe","func@0x14027fcd0","[Unknown]","0x14027fcd0"
"func@0x14033a3e0","0","0","0","660000","440000","0","ntoskrnl.exe","func@0x14033a3e0","[Unknown]","0x14033a3e0"
"func@0x140009760","0","0","0","0","110000","0","ntfs.sys","func@0x140009760","[Unknown]","0x140009760"
"ios_base::width","0","0","0","0","0","0","kip_sequential_soa_profile.exe","ios_base::width","xiosbase","0x140002374"
"func@0x1403cd100","0","0","0","0","330000","0","ntoskrnl.exe","func@0x1403cd100","[Unknown]","0x1403cd100"
"func@0x1402ff7d2","0","0","0","220000","110000","0","ntoskrnl.exe","func@0x1402ff7d2","[Unknown]","0x1402ff7d2"
"func@0x1403c8300","0","0","0","220000","0","0","ntoskrnl.exe","func@0x1403c8300","[Unknown]","0x1403c8300"
"func@0x140848c33","0","0","0","220000","0","0","ntoskrnl.exe","func@0x140848c33","[Unknown]","0x140848c33"
"func@0x140329f60","0","","0","220000","0","0","ntoskrnl.exe","func@0x140329f60","[Unknown]","0x140329f60"
"func@0x140328d20","0","0","0","0","110000","0","ntoskrnl.exe","func@0x140328d20","[Unknown]","0x140328d20"
"func@0x140316fe0","0","0","0","0","110000","0","ntoskrnl.exe","func@0x140316fe0","[Unknown]","0x140316fe0"
"func@0x140330830","0","0","0","0","110000","0","ntoskrnl.exe","func@0x140330830","[Unknown]","0x140330830"
"func@0x140233b90","0","0","0","0","110000","0","ntoskrnl.exe","func@0x140233b90","[Unknown]","0x140233b90"
"func@0x1404014c0","0","0","0","440000","0","0","ntoskrnl.exe","func@0x1404014c0","[Unknown]","0x1404014c0"
"func@0x140843bc0","0","0","0","0","110000","0","ntoskrnl.exe","func@0x140843bc0","[Unknown]","0x140843bc0"
"func@0x14030b490","0","0","0","220000","330000","0","ntoskrnl.exe","func@0x14030b490","[Unknown]","0x14030b490"
"func@0x140298d30","0","0","0","440000","330000","0","ntoskrnl.exe","func@0x140298d30","[Unknown]","0x140298d30"
"ExReleaseResourceLite","0","0","0","440000","440000","0","ntoskrnl.exe","ExReleaseResourceLite","[Unknown]","0x1402801f0"
"func@0x14028edf0","0","0","0","0","110000","0","ntoskrnl.exe","func@0x14028edf0","[Unknown]","0x14028edf0"
"func@0x14027f970","0","0","0","220000","110000","0","ntoskrnl.exe","func@0x14027f970","[Unknown]","0x14027f970"
"func@0x1402feccf","0","0","0","220000","0","0","ntoskrnl.exe","func@0x1402feccf","[Unknown]","0x1402feccf"
"func@0x1402a00f0","0","0","0","440000","0","0","ntoskrnl.exe","func@0x1402a00f0","[Unknown]","0x1402a00f0"
"func@0x1405f4640","0","0","0","0","110000","0","atc.sys","func@0x1405f4640","[Unknown]","0x1405f4640"
"func@0x140482698","0","0","0","0","110000","0","atc.sys","func@0x140482698","[Unknown]","0x140482698"
"func@0x1401c07d4","0","0","0","0","0","0","atc.sys","func@0x1401c07d4","[Unknown]","0x1401c07d4"
"func@0x14030fd80","0","0","0","0","110000","0","ntoskrnl.exe","func@0x14030fd80","[Unknown]","0x14030fd80"
"func@0x140002700","0","0","0","0","0","0","intelppm.sys","func@0x140002700","[Unknown]","0x140002700"
"func@0x14029d84b","0","0","0","220000","0","0","ntoskrnl.exe","func@0x14029d84b","[Unknown]","0x14029d84b"
"func@0x14029eb50","0","0","0","0","110000","0","ntoskrnl.exe","func@0x14029eb50","[Unknown]","0x14029eb50"
"RtlNumberOfSetBitsEx","0","0","0","0","330000","0","ntoskrnl.exe","RtlNumberOfSetBitsEx","[Unknown]","0x14040ad60"
"func@0x14027595c","0","0","0","0","110000","0","ntoskrnl.exe","func@0x14027595c","[Unknown]","0x14027595c"
"func@0x140311970","0","0","0","0","110000","0","ntoskrnl.exe","func@0x140311970","[Unknown]","0x140311970"
"load_jpeg_image","0","0","0","440000","110000","0","kip_sequential_soa_profile.exe","load_jpeg_image","stb_image.h","0x140012541"
"func@0x140bc0760","0","0","0","0","440000","0","ntoskrnl.exe","func@0x140bc0760","[Unknown]","0x140bc0760"
"func@0x14029f99c","0","0","0","0","440000","0","ntoskrnl.exe","func@0x14029f99c","[Unknown]","0x14029f99c"
"func@0x140841a30","0","0","0","0","220000","0","ntoskrnl.exe","func@0x140841a30","[Unknown]","0x140841a30"
"func@0x14029d750","0","0","0","220000","0","0","ntoskrnl.exe","func@0x14029d750","[Unknown]","0x14029d750"
"KeReleaseSpinLock","0","0","0","0","110000","0","ntoskrnl.exe","KeReleaseSpinLock","[Unknown]","0x140273ad0"
"func@0x14029df60","0","0","0","0","110000","0","ntoskrnl.exe","func@0x14029df60","[Unknown]","0x14029df60"
"func@0x14027acb0","0","0","0","0","110000","0","ntoskrnl.exe","func@0x14027acb0","[Unknown]","0x14027acb0"
"func@0x1401c0900","0","0","0","220000","0","0","atc.sys","func@0x1401c0900","[Unknown]","0x1401c0900"
"func@0x1400850db","0","0","0","0","110000","0","gemma.sys","func@0x1400850db","[Unknown]","0x1400850db"
"func@0x1800d7287","0","0","0","440000","0","0","ntdll.dll","func@0x1800d7287","[Unknown]","0x1800d7287"
"func@0x140235d5a","0","1","0","0","0","0","ntoskrnl.exe","func@0x140235d5a","[Unknown]","0x140235d5a"
"func@0x1402d0460","0","0","0","0","110000","0","ntoskrnl.exe","func@0x1402d0460","[Unknown]","0x1402d0460"
"RtlTryAcquireSRWLockShared","0","0","0","0","220000","0","ntdll.dll","RtlTryAcquireSRWLockShared","[Unknown]","0x18004b210"
"func@0x1402ce480","0","0","0","220000","0","0","ntoskrnl.exe","func@0x1402ce480","[Unknown]","0x1402ce480"
"func@0x18006db10","0","0","0","0","110000","0","ntdll.dll","func@0x18006db10","[Unknown]","0x18006db10"
"func@0x140217428","0","0","0","0","0","0","igdkmdn64.sys","func@0x140217428","[Unknown]","0x140217428"
"func@0x18006cb10","0","0","0","220000","0","0","ntdll.dll","func@0x18006cb10","[Unknown]","0x18006cb10"
"func@0x1403f9057","0","0","0","0","220000","0","ntoskrnl.exe","func@0x1403f9057","[Unknown]","0x1403f9057"
"func@0x14040ede0","0","0","0","220000","0","0","atc.sys","func@0x14040ede0","[Unknown]","0x14040ede0"
"func@0x1402378ca","0","0","0","220000","110000","0","ntoskrnl.exe","func@0x1402378ca","[Unknown]","0x1402378ca"
"func@0x1404916c0","0","0","0","220000","0","0","atc.sys","func@0x1404916c0","[Unknown]","0x1404916c0"
"func@0x14026bea7","0","0","0","220000","0","0","ntoskrnl.exe","func@0x14026bea7","[Unknown]","0x14026bea7"
"ExReleaseRundownProtection","0","0","0","220000","0","0","ntoskrnl.exe","ExReleaseRundownProtection","[Unknown]","0x14020dda0"
"func@0x140291970","0","0","0","0","110000","0","ntoskrnl.exe","func@0x140291970","[Unknown]","0x140291970"
"func@0x180039ce0","0","0","0","220000","220000","0","ntdll.dll","func@0x180039ce0","[Unknown]","0x180039ce0"
"FsRtlReleaseEofLock","0","0","0","220000","0","0","ntoskrnl.exe","FsRtlReleaseEofLock","[Unknown]","0x1402d6110"
"func@0x140201fd7","0","0","0","0","110000","0","ntoskrnl.exe","func@0x140201fd7","[Unknown]","0x140201fd7"
"func@0x1405f06e0","0","0","0","220000","0","0","atc.sys","func@0x1405f06e0","[Unknown]","0x1405f06e0"
"func@0x140343c70","0","0","0","220000","0","0","ntoskrnl.exe","func@0x140343c70","[Unknown]","0x140343c70"
